OrderID,OrderDate,CustomerID,ProductID,Quantity,UnitPrice,Discount,Country
1,2023-10-23,73,7,3,144.39,4.11,India
2,2022-07-31,98,14,2,1106.6,67.81,India
3,2024-08-18,89,13,1,408.96,69.07,India
4,2023-12-05,9,12,2,1060.53,168.99,India
5,2024-03-29,171,20,5,466.94,14.82,India
6,2024-06-08,83,12,5,1060.53,144.56,India
7,2022-05-21,13,13,5,408.96,41.04,India
8,2023-03-03,48,15,2,1364.09,269.58,India
9,2023-12-28,157,9,3,137.15,12.83,India
10,2024-06-29,113,21,3,848.37,100.33,India
11,2023-12-22,70,18,2,1218.1,155.96,India
12,2022-08-03,174,12,3,1060.53,102.31,India
13,2022-08-11,197,1,4,421.52,79.0,India
14,2022-07-11,142,2,3,881.56,16.31,India
15,2024-10-28,89,17,4,1187.13,184.1,India
16,2023-01-30,185,14,1,1106.6,152.4,India
17,2024-07-13,82,15,2,1364.09,234.02,India
18,2024-01-19,43,5,1,287.72,38.16,India
19,2023-04-13,128,2,5,881.56,141.25,India
20,2023-03-08,54,22,5,281.27,23.97,India
21,2023-06-14,5,12,5,1060.53,125.82,India
22,2024-01-30,4,13,1,408.96,44.1,India
23,2024-05-17,41,5,1,287.72,11.17,India
24,2023-07-01,67,19,4,1293.17,69.7,India
25,2024-08-25,177,4,5,93.9,5.73,India
26,2023-03-11,174,3,5,892.57,21.55,India
27,2023-02-26,98,13,3,408.96,76.55,India
28,2022-07-08,115,15,2,1364.09,228.31,India
29,2022-01-25,63,17,5,1187.13,123.97,India
30,2022-11-05,76,24,3,362.1,23.71,India
31,2022-06-20,65,3,3,892.57,130.54,India
32,2022-10-08,158,20,5,466.94,44.48,India
33,2023-06-11,190,6,4,682.88,53.53,India
34,2023-05-06,102,17,3,1187.13,65.27,India
35,2023-02-01,28,21,4,848.37,152.26,India
36,2022-09-29,5,19,3,1293.17,121.28,India
37,2024-12-01,73,4,4,93.9,15.18,India
38,2023-06-21,8,20,2,466.94,73.84,India
39,2023-11-11,142,22,4,281.27,28.3,India
40,2022-10-19,122,6,2,682.88,98.54,India
41,2022-05-18,46,24,1,362.1,57.8,India
42,2023-07-10,47,8,5,1373.73,268.43,India
43,2023-05-30,9,3,4,892.57,107.45,India
44,2024-06-23,192,11,4,186.02,4.79,India
45,2022-04-26,28,4,2,93.9,17.66,India
46,2024-08-20,39,22,5,281.27,13.56,India
47,2023-07-21,187,17,2,1187.13,84.63,India
48,2024-01-23,139,17,1,1187.13,221.25,India
49,2023-10-21,47,4,5,93.9,11.61,India
50,2023-09-18,80,2,2,881.56,54.36,India
51,2023-04-18,139,14,5,1106.6,32.05,India
52,2024-09-30,141,23,3,1250.88,207.05,India
53,2022-12-08,148,21,4,848.37,124.56,India
54,2022-02-18,187,6,4,682.88,133.59,India
55,2022-08-18,132,5,3,287.72,2.37,India
56,2022-10-26,135,23,2,1250.88,65.64,India
57,2022-04-28,7,4,5,93.9,4.35,India
58,2022-01-04,164,13,5,408.96,71.11,India
59,2022-08-04,64,12,2,1060.53,56.6,India
60,2024-10-30,81,5,5,287.72,10.01,India
61,2022-05-17,197,12,5,1060.53,204.87,India
62,2024-04-25,84,5,2,287.72,24.13,India
63,2023-02-08,38,6,3,682.88,20.06,India
64,2023-12-23,74,20,3,466.94,60.48,India
65,2022-05-17,119,5,3,287.72,6.54,India
66,2024-05-21,110,4,2,93.9,0.44,India
67,2022-04-20,136,2,4,881.56,12.08,India
68,2022-06-17,174,23,5,1250.88,143.07,India
69,2022-04-21,139,13,1,408.96,28.09,India
70,2023-02-14,135,19,4,1293.17,0.57,India
71,2022-06-01,37,23,1,1250.88,229.56,India
72,2022-09-11,167,15,4,1364.09,223.75,India
73,2022-02-18,168,7,2,144.39,23.71,India
74,2023-07-11,165,20,5,466.94,8.62,India
75,2022-05-18,17,17,5,1187.13,54.43,India
76,2024-05-04,10,16,3,840.53,78.43,India
77,2024-06-22,44,15,3,1364.09,194.32,India
78,2022-04-09,27,10,5,455.13,43.21,India
79,2024-05-17,198,25,2,1155.59,123.4,India
80,2022-07-29,49,18,3,1218.1,39.84,India
81,2022-12-25,99,6,3,682.88,64.52,India
82,2024-07-02,117,12,5,1060.53,160.85,India
83,2023-02-22,32,6,5,682.88,66.86,India
84,2022-05-05,177,25,5,1155.59,141.93,India
85,2022-06-05,115,11,3,186.02,25.93,India
86,2022-07-05,161,12,5,1060.53,9.54,India
87,2024-11-11,68,9,2,137.15,8.2,India
88,2022-08-12,158,15,4,1364.09,91.96,India
89,2023-12-17,45,15,1,1364.09,223.12,India
90,2023-02-24,141,3,5,892.57,65.64,India
91,2023-03-18,13,3,2,892.57,55.99,India
92,2024-01-12,173,5,3,287.72,0.17,India
93,2022-02-17,133,5,5,287.72,7.23,India
94,2024-10-05,18,24,2,362.1,10.27,India
95,2024-11-30,22,23,2,1250.88,190.34,India
96,2023-10-24,70,24,1,362.1,0.19,India
97,2023-02-02,176,1,2,421.52,6.54,India
98,2022-03-08,96,10,1,455.13,66.77,India
99,2022-04-22,173,5,1,287.72,30.91,India
100,2022-09-28,91,22,4,281.27,11.65,India
101,2023-12-23,95,20,2,466.94,28.03,India
102,2024-01-17,91,22,4,281.27,35.22,India
103,2024-09-14,189,6,2,682.88,59.96,India
104,2022-05-30,137,14,3,1106.6,217.46,India
105,2022-05-27,19,11,3,186.02,4.24,India
106,2022-10-06,181,9,1,137.15,6.29,India
107,2022-01-02,188,9,5,137.15,24.03,India
108,2023-10-21,96,12,3,1060.53,16.86,India
109,2024-12-30,31,3,5,892.57,70.85,India
110,2023-06-04,106,17,5,1187.13,232.03,India
111,2022-05-22,114,4,1,93.9,8.83,India
112,2022-05-12,76,4,3,93.9,9.18,India
113,2022-05-07,108,2,5,881.56,41.49,India
114,2023-05-20,152,5,5,287.72,2.58,India
115,2024-04-23,130,17,2,1187.13,55.78,India
116,2022-07-04,170,2,3,881.56,42.22,India
117,2022-08-17,163,14,1,1106.6,217.64,India
118,2023-10-14,87,4,5,93.9,13.29,India
119,2022-10-09,103,1,5,421.52,46.17,India
120,2024-04-04,187,6,3,682.88,83.59,India
121,2022-04-06,116,22,5,281.27,10.28,India
122,2023-09-10,18,12,1,1060.53,43.55,India
123,2024-04-27,53,24,2,362.1,36.81,India
124,2024-05-05,37,22,4,281.27,18.89,India
125,2023-12-18,101,25,3,1155.59,43.59,India
126,2022-01-04,113,10,2,455.13,74.06,India
127,2024-10-11,144,4,1,93.9,0.46,India
128,2023-04-06,189,19,5,1293.17,95.83,India
129,2022-12-31,135,1,2,421.52,54.12,India
130,2023-01-03,93,6,3,682.88,21.75,India
131,2023-11-06,171,2,3,881.56,6.05,India
132,2022-12-22,119,3,4,892.57,70.38,India
133,2023-02-04,85,15,3,1364.09,48.9,India
134,2022-09-12,107,16,3,840.53,115.9,India
135,2023-07-04,152,2,2,881.56,73.58,India
136,2024-10-14,24,14,4,1106.6,122.21,India
137,2024-01-06,75,13,1,408.96,37.71,India
138,2022-10-25,97,5,5,287.72,4.99,India
139,2022-12-08,132,12,1,1060.53,167.21,India
140,2022-02-13,168,20,2,466.94,35.16,India
141,2023-11-12,50,1,2,421.52,74.35,India
142,2022-08-14,200,11,2,186.02,13.08,India
143,2024-03-18,46,12,5,1060.53,173.88,India
144,2022-02-25,123,12,4,1060.53,194.97,India
145,2022-04-11,67,17,4,1187.13,62.97,India
146,2023-06-23,42,11,2,186.02,30.81,India
147,2024-12-10,9,24,2,362.1,59.16,India
148,2022-08-24,55,24,5,362.1,19.63,India
149,2024-06-09,72,5,2,287.72,5.08,India
150,2022-09-26,126,25,4,1155.59,132.98,India
151,2024-02-20,9,22,3,281.27,13.53,India
152,2022-07-22,196,5,2,287.72,2.68,India
153,2023-04-27,34,12,3,1060.53,184.12,India
154,2022-12-25,146,16,3,840.53,34.92,India
155,2024-12-01,19,16,4,840.53,142.23,India
156,2023-10-17,10,15,2,1364.09,23.38,India
157,2023-05-22,14,14,4,1106.6,200.47,India
158,2024-02-17,140,17,4,1187.13,41.54,India
159,2023-08-28,71,11,3,186.02,32.93,India
160,2022-01-15,75,10,2,455.13,47.89,India
161,2022-01-27,35,7,4,144.39,17.75,India
162,2023-10-16,21,20,2,466.94,44.24,India
163,2022-04-05,83,24,3,362.1,54.52,India
164,2022-05-23,170,25,1,1155.59,119.14,India
165,2023-01-23,62,23,3,1250.88,47.07,India
166,2023-02-20,2,22,3,281.27,15.92,India
167,2024-02-09,186,7,3,144.39,20.11,India
168,2024-09-14,143,9,4,137.15,9.67,India
169,2022-06-19,62,18,1,1218.1,143.25,India
170,2022-01-27,187,7,3,144.39,22.96,India
171,2022-05-09,128,4,5,93.9,5.62,India
172,2022-07-24,13,17,1,1187.13,79.23,India
173,2022-09-14,78,11,4,186.02,12.24,India
174,2022-10-26,68,6,3,682.88,89.5,India
175,2022-10-11,91,7,4,144.39,7.68,India
176,2022-09-25,70,19,2,1293.17,203.59,India
177,2023-07-23,34,1,4,421.52,32.99,India
178,2022-06-30,105,11,4,186.02,24.04,India
179,2023-03-06,155,9,3,137.15,10.64,India
180,2022-02-02,173,23,3,1250.88,212.03,India
181,2022-05-22,54,4,5,93.9,12.77,India
182,2023-12-08,189,14,1,1106.6,174.27,India
183,2022-12-06,141,13,1,408.96,75.36,India
184,2024-11-30,109,13,3,408.96,59.44,India
185,2024-01-09,172,6,1,682.88,11.98,India
186,2023-08-14,53,16,4,840.53,74.41,India
187,2023-08-27,184,21,3,848.37,51.16,India
188,2023-09-14,18,3,2,892.57,133.36,India
189,2022-08-22,30,5,1,287.72,54.01,India
190,2023-09-24,183,6,4,682.88,116.79,India
191,2022-09-28,160,9,4,137.15,19.39,India
192,2023-11-04,45,6,1,682.88,8.23,India
193,2023-02-17,104,18,4,1218.1,208.42,India
194,2024-02-12,163,12,2,1060.53,48.05,India
195,2022-02-25,118,23,5,1250.88,153.41,India
196,2022-02-14,80,1,1,421.52,15.07,India
197,2022-12-02,40,21,5,848.37,29.68,India
198,2022-01-04,122,5,2,287.72,50.59,India
199,2022-07-13,144,25,4,1155.59,113.63,India
200,2023-09-01,187,11,3,186.02,35.37,India
201,2023-07-08,116,20,2,466.94,61.9,India
202,2022-11-12,163,18,1,1218.1,80.18,India
203,2022-07-03,22,24,2,362.1,53.76,India
204,2023-05-29,155,16,2,840.53,80.42,India
205,2024-01-31,70,4,3,93.9,0.58,India
206,2022-06-29,150,6,2,682.88,88.27,India
207,2023-02-02,110,6,5,682.88,62.99,India
208,2022-12-28,106,20,4,466.94,74.6,India
209,2024-04-23,89,2,3,881.56,43.65,India
210,2023-05-30,147,13,5,408.96,39.96,India
211,2024-07-28,142,12,2,1060.53,28.25,India
212,2023-08-03,42,19,1,1293.17,39.74,India
213,2024-06-03,37,12,5,1060.53,14.59,India
214,2023-06-17,116,21,4,848.37,25.4,India
215,2022-10-03,199,15,3,1364.09,205.22,India
216,2024-11-09,188,3,2,892.57,92.1,India
217,2022-02-10,4,6,1,682.88,38.63,India
218,2022-06-29,129,1,3,421.52,79.1,India
219,2024-07-28,21,3,1,892.57,40.07,India
220,2024-10-20,110,25,2,1155.59,111.69,India
221,2024-01-28,198,23,1,1250.88,164.77,India
222,2022-03-08,177,1,5,421.52,50.44,India
223,2023-04-20,192,18,3,1218.1,208.32,India
224,2023-10-14,196,18,1,1218.1,24.2,India
225,2022-10-15,90,25,1,1155.59,142.71,India
226,2023-09-12,76,4,4,93.9,2.71,India
227,2023-04-09,31,8,3,1373.73,186.71,India
228,2023-12-14,86,13,4,408.96,9.6,India
229,2022-09-22,19,23,4,1250.88,174.92,India
230,2024-08-12,140,18,1,1218.1,164.31,India
231,2023-06-12,79,8,4,1373.73,17.73,India
232,2022-02-03,118,7,4,144.39,2.38,India
233,2022-01-11,133,20,5,466.94,69.25,India
234,2023-06-27,75,4,3,93.9,17.04,India
235,2023-11-16,54,3,1,892.57,91.06,India
236,2023-10-19,101,20,1,466.94,75.82,India
237,2023-09-02,64,9,5,137.15,5.55,India
238,2024-12-15,99,18,3,1218.1,132.88,India
239,2023-03-01,130,9,2,137.15,17.24,India
240,2023-03-26,153,3,3,892.57,173.37,India
241,2024-01-10,145,11,5,186.02,35.39,India
242,2023-12-04,172,11,1,186.02,20.73,India
243,2022-06-03,119,5,2,287.72,3.55,India
244,2024-11-23,78,15,5,1364.09,161.52,India
245,2024-04-09,78,6,1,682.88,73.5,India
246,2023-09-23,75,23,1,1250.88,8.62,India
247,2022-12-26,50,14,4,1106.6,218.64,India
248,2024-05-05,6,24,3,362.1,0.87,India
249,2024-09-16,118,12,2,1060.53,182.76,India
250,2022-12-23,34,8,3,1373.73,12.02,India
251,2023-09-21,156,10,3,455.13,63.15,India
252,2022-02-22,8,1,3,421.52,32.78,India
253,2023-06-14,149,15,2,1364.09,266.76,India
254,2022-09-21,112,12,4,1060.53,211.76,India
255,2022-07-31,38,15,4,1364.09,115.09,India
256,2024-02-14,30,4,4,93.9,11.96,India
257,2023-01-21,180,3,5,892.57,24.13,India
258,2023-01-09,4,8,1,1373.73,25.43,India
259,2022-07-31,156,17,1,1187.13,0.41,India
260,2022-09-01,88,18,4,1218.1,133.02,India
261,2022-04-17,163,9,1,137.15,9.95,India
262,2023-07-23,65,12,5,1060.53,203.97,India
263,2022-08-04,91,13,2,408.96,59.81,India
264,2023-10-13,18,18,5,1218.1,219.01,India
265,2022-03-06,168,22,1,281.27,20.52,India
266,2022-05-09,165,17,5,1187.13,123.43,India
267,2023-08-26,41,11,3,186.02,27.78,India
268,2024-06-04,109,25,4,1155.59,185.28,India
269,2022-03-01,16,6,2,682.88,56.71,India
270,2024-11-12,190,15,4,1364.09,58.19,India
271,2024-02-29,125,6,2,682.88,54.46,India
272,2024-12-08,131,15,1,1364.09,113.75,India
273,2023-01-28,74,21,1,848.37,144.71,India
274,2024-11-15,143,13,5,408.96,36.25,India
275,2022-11-23,106,18,2,1218.1,153.04,India
276,2023-03-05,139,16,5,840.53,122.72,India
277,2024-01-25,20,17,4,1187.13,183.28,India
278,2023-06-11,6,12,5,1060.53,176.72,India
279,2022-01-16,10,9,1,137.15,7.12,India
280,2024-10-23,1,22,4,281.27,36.88,India
281,2023-09-16,27,5,5,287.72,37.63,India
282,2024-02-10,83,25,4,1155.59,188.31,India
283,2024-04-10,13,1,1,421.52,2.2,India
284,2023-04-15,118,24,4,362.1,53.2,India
285,2022-04-12,8,12,2,1060.53,177.23,India
286,2023-08-24,164,6,2,682.88,46.23,India
287,2024-11-14,190,14,5,1106.6,200.2,India
288,2022-06-28,190,18,4,1218.1,49.41,India
289,2023-06-12,122,13,5,408.96,2.41,India
290,2022-12-24,123,9,3,137.15,26.63,India
291,2023-04-28,118,19,4,1293.17,131.33,India
292,2023-12-10,97,24,5,362.1,23.16,India
293,2024-05-22,170,14,1,1106.6,42.63,India
294,2022-10-12,191,19,5,1293.17,20.36,India
295,2022-04-27,25,22,2,281.27,6.07,India
296,2022-12-04,166,15,3,1364.09,223.08,India
297,2022-06-06,149,14,1,1106.6,206.77,India
298,2022-02-12,162,21,3,848.37,139.0,India
299,2022-04-10,45,5,4,287.72,24.33,India
300,2022-10-20,5,19,3,1293.17,222.99,India
301,2023-09-05,129,3,3,892.57,32.26,India
302,2023-08-24,76,23,1,1250.88,66.35,India
303,2024-04-17,16,12,3,1060.53,44.46,India
304,2022-07-28,162,17,2,1187.13,135.07,India
305,2023-06-17,54,1,2,421.52,50.34,India
306,2024-08-27,102,16,3,840.53,118.41,India
307,2023-05-25,98,19,3,1293.17,124.72,India
308,2023-10-16,88,14,3,1106.6,202.06,India
309,2023-10-11,120,13,1,408.96,58.38,India
310,2024-02-07,199,10,3,455.13,23.59,India
311,2024-05-07,166,4,5,93.9,16.71,India
312,2024-10-27,101,17,1,1187.13,60.56,India
313,2024-07-09,76,24,3,362.1,19.64,India
314,2023-07-21,88,5,2,287.72,34.58,India
315,2022-07-17,52,22,3,281.27,13.31,India
316,2024-10-06,122,20,3,466.94,46.51,India
317,2023-12-29,115,24,4,362.1,42.32,India
318,2022-01-22,68,21,1,848.37,99.96,India
319,2023-05-25,102,2,5,881.56,19.43,India
320,2022-08-09,11,13,1,408.96,10.5,India
321,2024-02-05,69,10,4,455.13,83.76,India
322,2023-12-10,184,13,2,408.96,67.38,India
323,2022-05-25,60,14,4,1106.6,103.46,India
324,2024-12-12,170,4,3,93.9,17.26,India
325,2024-08-19,5,8,5,1373.73,105.28,India
326,2023-05-08,66,23,1,1250.88,236.15,India
327,2023-02-12,115,5,4,287.72,23.69,India
328,2024-06-20,153,3,1,892.57,77.21,India
329,2024-02-22,121,17,5,1187.13,12.26,India
330,2024-05-03,54,7,4,144.39,18.94,India
331,2022-07-30,180,18,3,1218.1,104.13,India
332,2023-12-23,198,1,5,421.52,53.25,India
333,2022-03-31,68,4,5,93.9,3.01,India
334,2022-11-14,56,10,1,455.13,66.64,India
335,2022-03-22,163,2,5,881.56,103.18,India
336,2024-06-18,4,23,3,1250.88,177.24,India
337,2024-02-21,183,20,4,466.94,32.87,India
338,2023-10-10,14,21,3,848.37,8.29,India
339,2023-07-31,10,6,3,682.88,22.74,India
340,2024-01-17,99,25,1,1155.59,81.73,India
341,2022-10-30,13,25,4,1155.59,3.09,India
342,2023-07-06,39,22,2,281.27,51.39,India
343,2022-10-14,31,20,5,466.94,41.53,India
344,2022-01-03,87,13,1,408.96,58.6,India
345,2023-01-25,83,19,4,1293.17,137.39,India
346,2024-07-31,103,12,1,1060.53,21.93,India
347,2024-04-24,65,17,5,1187.13,115.07,India
348,2022-07-28,150,24,3,362.1,67.85,India
349,2024-02-28,147,3,3,892.57,133.79,India
350,2024-07-31,10,6,2,682.88,22.85,India
351,2023-11-26,70,19,2,1293.17,144.77,India
352,2023-01-25,142,13,5,408.96,37.57,India
353,2022-07-02,121,6,1,682.88,116.91,India
354,2024-12-04,47,24,2,362.1,31.33,India
355,2024-07-22,126,17,3,1187.13,162.86,India
356,2024-12-19,88,3,4,892.57,172.5,India
357,2023-08-19,197,13,3,408.96,3.59,India
358,2022-01-08,52,3,4,892.57,13.26,India
359,2023-04-10,43,17,1,1187.13,134.61,India
360,2022-12-04,189,6,2,682.88,70.05,India
361,2023-05-24,111,10,2,455.13,70.91,India
362,2024-08-09,63,18,3,1218.1,179.17,India
363,2023-11-07,170,3,2,892.57,28.35,India
364,2024-10-25,88,9,4,137.15,16.33,India
365,2023-06-04,11,6,1,682.88,60.16,India
366,2023-08-12,197,1,5,421.52,65.08,India
367,2023-05-26,189,22,5,281.27,28.84,India
368,2024-02-13,124,25,1,1155.59,218.51,India
369,2022-09-14,169,10,2,455.13,53.64,India
370,2024-05-04,1,8,4,1373.73,23.84,India
371,2022-11-02,7,24,1,362.1,33.7,India
372,2024-11-03,134,23,3,1250.88,244.85,India
373,2024-03-23,108,6,4,682.88,10.63,India
374,2024-03-17,124,21,5,848.37,15.1,India
375,2023-12-05,120,22,2,281.27,25.89,India
376,2023-09-04,176,11,1,186.02,1.28,India
377,2024-05-19,113,6,5,682.88,75.19,India
378,2022-07-22,73,3,1,892.57,57.11,India
379,2022-04-08,87,23,5,1250.88,134.16,India
380,2023-07-05,175,5,1,287.72,13.57,India
381,2022-11-24,158,13,1,408.96,5.75,India
382,2023-06-25,183,23,1,1250.88,46.16,India
383,2022-10-25,66,14,5,1106.6,58.26,India
384,2023-01-01,159,8,3,1373.73,169.95,India
385,2022-03-23,3,21,3,848.37,1.46,India
386,2022-03-11,180,19,2,1293.17,130.37,India
387,2023-06-29,76,5,3,287.72,41.87,India
388,2022-01-23,183,17,3,1187.13,11.36,India
389,2024-03-02,73,18,2,1218.1,194.2,India
390,2022-02-07,26,2,1,881.56,97.26,India
391,2022-07-05,11,1,5,421.52,51.06,India
392,2024-03-13,109,2,1,881.56,51.71,India
393,2024-07-31,7,11,1,186.02,24.87,India
394,2022-05-30,58,6,5,682.88,96.22,India
395,2022-11-29,115,17,1,1187.13,47.74,India
396,2022-12-20,138,6,3,682.88,9.13,India
397,2022-02-16,113,8,1,1373.73,7.25,India
398,2022-09-01,178,8,2,1373.73,79.23,India
399,2024-05-09,123,7,5,144.39,12.44,India
400,2024-10-18,3,8,3,1373.73,165.93,India
401,2023-11-23,149,25,3,1155.59,176.1,India
402,2023-05-23,38,6,4,682.88,27.21,India
403,2024-03-04,164,21,2,848.37,161.28,India
404,2024-01-28,176,6,4,682.88,133.3,India
405,2022-01-16,192,12,4,1060.53,141.7,India
406,2022-07-30,104,23,5,1250.88,120.48,India
407,2024-02-10,79,7,3,144.39,25.78,India
408,2023-10-09,176,5,5,287.72,2.28,India
409,2024-01-27,107,18,1,1218.1,233.96,India
410,2023-09-24,81,11,4,186.02,28.84,India
411,2024-06-29,35,19,5,1293.17,249.42,India
412,2022-08-12,161,25,2,1155.59,107.13,India
413,2022-05-12,119,15,3,1364.09,89.63,India
414,2022-08-13,103,12,5,1060.53,153.95,India
415,2022-11-16,60,7,5,144.39,20.88,India
416,2024-09-17,136,12,2,1060.53,203.26,India
417,2023-07-06,109,19,1,1293.17,81.99,India
418,2022-04-26,117,23,5,1250.88,2.86,India
419,2023-05-13,147,16,1,840.53,99.16,India
420,2024-10-17,72,7,2,144.39,25.92,India
421,2024-01-14,138,6,1,682.88,127.09,India
422,2024-07-28,67,20,1,466.94,31.99,India
423,2024-02-27,166,10,2,455.13,67.84,India
424,2023-10-11,179,19,1,1293.17,123.79,India
425,2024-03-27,110,9,2,137.15,18.43,India
426,2022-11-28,137,24,5,362.1,3.57,India
427,2023-06-16,195,25,5,1155.59,227.94,India
428,2023-06-21,161,17,4,1187.13,198.63,India
429,2022-04-02,190,22,5,281.27,2.73,India
430,2023-01-22,86,7,5,144.39,13.04,India
431,2022-08-10,44,22,1,281.27,39.75,India
432,2024-01-18,105,7,2,144.39,3.65,India
433,2022-07-04,6,5,4,287.72,51.56,India
434,2024-07-20,178,1,3,421.52,18.83,India
435,2024-01-25,183,7,2,144.39,1.4,India
436,2024-03-31,104,11,2,186.02,26.82,India
437,2022-09-13,1,17,1,1187.13,186.58,India
438,2024-01-28,46,17,4,1187.13,24.83,India
439,2022-06-06,110,8,2,1373.73,111.39,India
440,2024-11-19,95,9,4,137.15,4.01,India
441,2023-09-14,126,25,3,1155.59,183.26,India
442,2022-02-08,13,7,3,144.39,2.1,India
443,2023-02-01,195,8,4,1373.73,49.94,India
444,2024-02-29,200,15,3,1364.09,222.53,India
445,2022-03-18,128,17,1,1187.13,200.6,India
446,2023-03-17,52,19,1,1293.17,211.39,India
447,2024-04-11,84,4,3,93.9,14.03,India
448,2023-04-04,77,11,3,186.02,29.02,India
449,2022-12-11,120,1,5,421.52,28.35,India
450,2023-04-15,188,1,5,421.52,19.93,India
451,2023-12-12,100,18,5,1218.1,180.11,India
452,2022-01-19,60,4,2,93.9,16.1,India
453,2022-09-29,99,15,4,1364.09,251.85,India
454,2023-11-19,75,17,5,1187.13,44.0,India
455,2022-07-16,157,17,3,1187.13,181.75,India
456,2024-09-26,15,20,5,466.94,69.25,India
457,2023-07-06,37,8,2,1373.73,127.66,India
458,2024-08-09,184,19,1,1293.17,234.95,India
459,2024-10-02,88,19,5,1293.17,221.0,India
460,2022-01-17,99,15,5,1364.09,206.64,India
461,2023-10-29,3,19,2,1293.17,250.13,India
462,2023-12-25,73,12,4,1060.53,0.36,India
463,2024-07-13,49,12,1,1060.53,125.93,India
464,2022-03-19,136,18,2,1218.1,197.99,India
465,2022-01-06,170,13,5,408.96,71.82,India
466,2023-07-03,137,1,3,421.52,63.8,India
467,2023-06-14,195,16,3,840.53,139.1,India
468,2023-11-21,140,24,4,362.1,64.69,India
469,2024-03-31,187,2,1,881.56,108.61,India
470,2024-05-07,184,3,1,892.57,156.99,India
471,2024-08-15,25,4,2,93.9,7.81,India
472,2024-08-19,158,2,5,881.56,72.66,India
473,2024-10-27,188,22,1,281.27,15.97,India
474,2024-09-15,80,6,2,682.88,111.2,India
475,2022-02-25,165,9,2,137.15,27.41,India
476,2024-06-26,20,6,2,682.88,33.2,India
477,2023-01-22,24,13,2,408.96,49.2,India
478,2022-08-03,113,16,4,840.53,18.29,India
479,2022-10-23,19,24,4,362.1,49.26,India
480,2022-06-30,58,22,4,281.27,33.17,India
481,2022-06-12,141,16,2,840.53,148.6,India
482,2024-11-16,97,7,4,144.39,5.35,India
483,2024-12-18,155,16,2,840.53,130.98,India
484,2022-04-13,80,11,4,186.02,15.22,India
485,2022-08-27,9,22,2,281.27,7.58,India
486,2023-02-23,99,7,1,144.39,24.13,India
487,2023-08-29,118,20,5,466.94,27.48,India
488,2024-08-01,28,3,1,892.57,142.66,India
489,2023-05-21,134,25,5,1155.59,171.78,India
490,2023-04-26,163,11,1,186.02,32.65,India
491,2022-12-18,131,14,1,1106.6,50.72,India
492,2024-03-19,10,24,4,362.1,23.66,India
493,2022-07-19,157,13,5,408.96,77.2,India
494,2024-05-27,167,20,5,466.94,1.02,India
495,2023-04-05,90,22,4,281.27,35.19,India
496,2022-11-30,34,3,1,892.57,166.86,India
497,2023-11-04,96,10,4,455.13,56.42,India
498,2023-08-15,183,19,2,1293.17,117.08,India
499,2024-10-19,24,25,4,1155.59,41.26,India
500,2024-09-19,58,25,4,1155.59,88.71,India
501,2024-10-22,95,7,4,144.39,4.44,India
502,2024-03-22,186,19,2,1293.17,107.54,India
503,2023-02-07,9,25,4,1155.59,180.27,India
504,2022-10-25,24,24,2,362.1,32.21,India
505,2023-10-17,19,4,5,93.9,10.03,India
506,2024-01-08,45,16,4,840.53,141.42,India
507,2022-03-31,127,25,3,1155.59,28.76,India
508,2024-04-27,135,3,2,892.57,149.56,India
509,2022-12-27,129,25,1,1155.59,87.75,India
510,2023-09-11,50,3,5,892.57,153.81,India
511,2022-10-19,122,25,2,1155.59,87.62,India
512,2024-02-11,111,12,5,1060.53,7.13,India
513,2022-06-12,54,9,4,137.15,0.42,India
514,2024-12-23,190,13,3,408.96,78.0,India
515,2023-06-25,4,11,5,186.02,11.83,India
516,2022-05-08,69,6,1,682.88,84.91,India
517,2023-05-18,170,13,5,408.96,15.33,India
518,2023-10-02,65,16,3,840.53,165.11,India
519,2024-01-29,181,25,2,1155.59,133.44,India
520,2024-04-23,84,24,5,362.1,58.11,India
521,2022-04-03,146,14,5,1106.6,157.34,India
522,2022-01-19,184,23,3,1250.88,67.33,India
523,2024-01-13,26,19,5,1293.17,30.6,India
524,2023-03-04,35,24,1,362.1,46.57,India
525,2022-03-02,141,4,1,93.9,5.55,India
526,2022-12-21,90,7,4,144.39,1.32,India
527,2022-01-20,4,14,2,1106.6,211.01,India
528,2022-06-28,45,16,5,840.53,3.73,India
529,2023-04-26,74,19,1,1293.17,215.46,India
530,2024-07-31,157,23,1,1250.88,139.67,India
531,2024-12-08,172,19,5,1293.17,187.48,India
532,2024-04-22,131,6,3,682.88,35.22,India
533,2023-09-18,56,17,2,1187.13,101.72,India
534,2024-10-07,149,21,2,848.37,154.05,India
535,2022-08-23,104,14,3,1106.6,195.07,India
536,2022-10-02,142,6,4,682.88,55.73,India
537,2022-12-12,128,11,4,186.02,18.93,India
538,2022-01-14,29,1,5,421.52,68.07,India
539,2023-01-22,126,19,2,1293.17,128.36,India
540,2022-06-22,18,25,2,1155.59,110.09,India
541,2024-04-11,123,23,4,1250.88,163.45,India
542,2022-12-14,73,17,1,1187.13,33.57,India
543,2024-09-20,47,12,5,1060.53,163.38,India
544,2024-12-01,80,25,4,1155.59,154.64,India
545,2023-02-18,128,22,3,281.27,52.25,India
546,2023-03-16,141,5,3,287.72,40.06,India
547,2023-06-26,30,20,4,466.94,63.69,India
548,2023-11-09,45,8,4,1373.73,12.95,India
549,2024-12-27,172,18,3,1218.1,239.39,India
550,2022-11-19,118,17,3,1187.13,45.18,India
551,2023-11-11,163,1,3,421.52,77.29,India
552,2024-02-01,15,18,3,1218.1,93.74,India
553,2024-05-02,161,20,1,466.94,32.66,India
554,2023-02-08,72,25,4,1155.59,72.25,India
555,2023-06-23,112,13,2,408.96,69.41,India
556,2024-06-07,85,21,5,848.37,48.64,India
557,2024-10-29,23,7,4,144.39,4.38,India
558,2024-06-23,72,2,2,881.56,59.08,India
559,2024-01-22,114,10,1,455.13,38.56,India
560,2022-11-22,199,17,3,1187.13,173.58,India
561,2023-06-20,30,15,2,1364.09,207.41,India
562,2024-02-23,143,16,1,840.53,8.01,India
563,2022-05-30,170,22,1,281.27,19.25,India
564,2024-11-23,5,24,2,362.1,27.56,India
565,2022-10-14,162,11,1,186.02,20.98,India
566,2023-06-30,100,7,4,144.39,24.45,India
567,2023-12-14,92,19,2,1293.17,124.56,India
568,2023-02-14,3,16,4,840.53,138.99,India
569,2024-08-19,53,21,3,848.37,51.27,India
570,2024-05-11,21,4,4,93.9,0.13,India
571,2022-10-31,27,6,3,682.88,32.27,India
572,2024-07-25,100,6,4,682.88,28.74,India
573,2023-07-11,80,21,1,848.37,135.67,India
574,2022-08-31,82,21,1,848.37,79.84,India
575,2022-09-19,180,19,3,1293.17,84.88,India
576,2022-08-29,195,21,3,848.37,145.54,India
577,2022-11-08,14,18,3,1218.1,88.53,India
578,2024-10-02,194,21,5,848.37,112.82,India
579,2023-07-20,126,14,4,1106.6,112.57,India
580,2022-11-25,140,24,2,362.1,38.78,India
581,2023-08-22,90,10,3,455.13,67.78,India
582,2023-04-08,98,12,3,1060.53,129.31,India
583,2024-01-13,120,3,4,892.57,28.51,India
584,2023-09-09,12,16,4,840.53,57.62,India
585,2024-02-23,179,19,2,1293.17,218.92,India
586,2024-02-03,166,13,3,408.96,79.93,India
587,2023-11-07,200,3,3,892.57,160.48,India
588,2023-10-31,85,22,4,281.27,15.14,India
589,2022-08-04,72,9,5,137.15,23.02,India
590,2022-07-18,42,14,2,1106.6,69.31,India
591,2024-03-15,40,7,1,144.39,16.53,India
592,2022-08-17,41,21,5,848.37,130.62,India
593,2023-05-20,23,12,4,1060.53,78.74,India
594,2023-01-26,101,13,2,408.96,36.93,India
595,2023-07-06,147,22,2,281.27,49.82,India
596,2024-03-16,179,19,3,1293.17,159.53,India
597,2023-03-11,194,21,1,848.37,38.57,India
598,2022-09-10,178,21,4,848.37,13.41,India
599,2022-02-20,151,16,2,840.53,52.22,India
600,2023-08-14,187,4,5,93.9,11.29,India
601,2024-07-19,93,15,1,1364.09,75.59,India
602,2023-07-23,28,17,1,1187.13,154.47,India
603,2023-09-01,129,2,1,881.56,86.78,India
604,2022-01-23,58,24,1,362.1,55.41,India
605,2024-04-22,187,23,5,1250.88,211.53,India
606,2022-11-06,73,16,1,840.53,122.57,India
607,2022-11-07,34,23,2,1250.88,53.35,India
608,2022-09-12,97,14,3,1106.6,136.39,India
609,2022-09-08,141,12,2,1060.53,82.91,India
610,2022-12-28,199,17,3,1187.13,18.56,India
611,2024-03-29,200,1,3,421.52,14.76,India
612,2023-03-14,100,21,2,848.37,67.8,India
613,2022-12-18,92,21,4,848.37,151.53,India
614,2024-10-17,183,7,3,144.39,20.04,India
615,2022-08-12,72,8,5,1373.73,115.31,India
616,2022-12-09,99,2,3,881.56,96.22,India
617,2023-06-05,36,12,2,1060.53,126.92,India
618,2022-04-02,43,14,5,1106.6,145.97,India
619,2022-05-15,54,11,1,186.02,14.37,India
620,2023-12-30,126,22,5,281.27,30.67,India
621,2024-12-05,73,10,2,455.13,46.15,India
622,2022-08-27,187,24,1,362.1,30.41,India
623,2022-08-03,69,23,4,1250.88,192.49,India
624,2023-05-14,177,5,2,287.72,43.88,India
625,2022-07-02,157,21,1,848.37,32.32,India
626,2023-04-18,13,20,4,466.94,35.23,India
627,2023-09-01,38,10,1,455.13,58.47,India
628,2024-05-04,121,17,4,1187.13,29.79,India
629,2024-12-28,109,6,5,682.88,117.43,India
630,2024-01-12,19,16,1,840.53,145.33,India
631,2022-02-08,13,1,2,421.52,77.69,India
632,2024-09-02,24,23,2,1250.88,33.22,India
633,2022-03-04,147,4,1,93.9,12.44,India
634,2023-12-22,126,22,2,281.27,47.94,India
635,2022-07-26,98,17,1,1187.13,187.8,India
636,2023-06-28,61,24,1,362.1,69.84,India
637,2023-02-05,136,12,5,1060.53,160.12,India
638,2023-10-26,152,11,1,186.02,35.8,India
639,2023-06-29,166,2,5,881.56,35.57,India
640,2022-09-03,64,23,4,1250.88,242.72,India
641,2023-11-30,56,22,2,281.27,17.86,India
642,2024-07-14,1,20,4,466.94,24.68,India
643,2022-08-30,191,11,4,186.02,5.1,India
644,2022-09-22,148,24,2,362.1,43.48,India
645,2022-12-06,105,7,2,144.39,11.2,India
646,2023-10-10,20,3,2,892.57,54.59,India
647,2024-02-15,5,1,5,421.52,52.09,India
648,2022-02-13,63,23,1,1250.88,205.98,India
649,2023-09-01,119,3,1,892.57,17.15,India
650,2023-03-25,68,6,2,682.88,30.29,India
651,2024-01-22,179,25,4,1155.59,191.93,India
652,2022-12-31,166,18,4,1218.1,24.36,India
653,2024-10-16,81,20,2,466.94,74.58,India
654,2022-05-09,111,16,2,840.53,94.5,India
655,2023-06-27,159,9,4,137.15,6.46,India
656,2023-09-06,101,15,1,1364.09,37.03,India
657,2024-12-18,147,6,1,682.88,75.01,India
658,2024-06-17,46,21,2,848.37,90.29,India
659,2022-03-25,68,12,4,1060.53,165.33,India
660,2022-12-05,123,1,5,421.52,81.25,India
661,2024-07-10,15,7,2,144.39,23.53,India
662,2024-02-02,106,4,5,93.9,13.39,India
663,2024-03-14,101,3,1,892.57,135.42,India
664,2022-12-07,195,15,1,1364.09,111.76,India
665,2022-07-22,86,19,4,1293.17,197.05,India
666,2022-04-25,2,1,2,421.52,8.76,India
667,2024-11-30,57,19,2,1293.17,19.09,India
668,2023-11-19,4,10,2,455.13,32.09,India
669,2024-06-17,161,20,4,466.94,40.03,India
670,2023-11-13,9,9,5,137.15,2.27,India
671,2023-03-26,157,7,4,144.39,5.2,India
672,2022-10-31,3,23,1,1250.88,102.53,India
673,2022-01-10,29,10,4,455.13,6.17,India
674,2023-03-12,140,13,1,408.96,80.48,India
675,2024-02-03,82,4,3,93.9,13.34,India
676,2022-10-09,104,9,3,137.15,2.82,India
677,2024-03-02,12,22,2,281.27,34.69,India
678,2024-01-17,35,8,5,1373.73,209.02,India
679,2022-09-08,69,22,5,281.27,17.34,India
680,2024-10-03,107,10,1,455.13,80.68,India
681,2022-12-12,117,4,5,93.9,15.51,India
682,2023-06-26,57,24,4,362.1,4.56,India
683,2022-03-24,194,15,4,1364.09,239.06,India
684,2022-02-06,59,6,2,682.88,11.38,India
685,2024-10-05,102,18,5,1218.1,86.86,India
686,2023-07-07,57,6,5,682.88,107.01,India
687,2023-05-29,8,17,5,1187.13,205.04,India
688,2023-10-02,124,3,1,892.57,110.19,India
689,2022-08-18,78,20,3,466.94,28.39,India
690,2024-01-10,199,5,5,287.72,12.28,India
691,2022-05-17,142,22,2,281.27,40.61,India
692,2022-11-14,172,4,2,93.9,12.11,India
693,2022-12-06,94,12,3,1060.53,161.52,India
694,2023-02-19,177,24,4,362.1,42.5,India
695,2023-04-15,25,11,2,186.02,14.74,India
696,2023-01-18,92,10,5,455.13,89.72,India
697,2024-04-28,34,24,2,362.1,27.76,India
698,2024-04-18,90,2,3,881.56,78.4,India
699,2024-12-08,164,17,3,1187.13,133.99,India
700,2024-03-30,98,8,4,1373.73,171.82,India
701,2022-05-15,142,23,5,1250.88,35.22,India
702,2022-06-29,155,22,1,281.27,27.69,India
703,2022-06-18,187,22,3,281.27,44.52,India
704,2024-11-01,190,3,1,892.57,54.2,India
705,2022-10-29,52,13,2,408.96,0.7,India
706,2023-08-29,60,6,1,682.88,81.38,India
707,2024-11-29,185,4,2,93.9,14.09,India
708,2024-10-20,35,17,5,1187.13,237.2,India
709,2023-02-07,32,14,2,1106.6,196.07,India
710,2024-05-30,32,23,5,1250.88,156.25,India
711,2022-01-10,12,21,5,848.37,87.36,India
712,2023-07-23,97,9,5,137.15,4.19,India
713,2022-04-03,71,6,5,682.88,117.21,India
714,2023-08-07,109,15,5,1364.09,179.96,India
715,2023-07-12,69,20,3,466.94,63.14,India
716,2023-06-23,55,16,1,840.53,24.94,India
717,2023-04-18,188,16,3,840.53,23.64,India
718,2023-03-21,139,24,4,362.1,43.55,India
719,2022-01-31,97,13,1,408.96,77.53,India
720,2022-06-18,153,24,2,362.1,23.73,India
721,2024-08-20,80,10,1,455.13,54.29,India
722,2022-02-17,92,16,4,840.53,131.3,India
723,2024-05-28,153,2,4,881.56,77.98,India
724,2024-06-27,34,18,4,1218.1,172.87,India
725,2022-03-31,104,21,2,848.37,101.61,India
726,2023-06-16,106,25,3,1155.59,173.42,India
727,2024-04-13,140,1,1,421.52,13.34,India
728,2023-11-29,45,15,5,1364.09,11.92,India
729,2023-01-14,47,1,4,421.52,9.93,India
730,2022-04-03,100,1,2,421.52,16.04,India
731,2023-03-17,146,7,1,144.39,18.89,India
732,2022-05-31,40,4,1,93.9,16.66,India
733,2023-04-27,41,25,5,1155.59,177.71,India
734,2023-10-09,110,4,2,93.9,1.67,India
735,2024-01-01,38,5,1,287.72,0.91,India
736,2023-07-21,1,18,2,1218.1,239.27,India
737,2023-05-07,185,24,5,362.1,6.95,India
738,2024-05-27,133,7,4,144.39,13.05,India
739,2022-01-24,36,25,3,1155.59,211.04,India
740,2024-12-10,158,15,5,1364.09,249.35,India
741,2023-08-18,172,1,3,421.52,16.36,India
742,2024-08-13,140,25,4,1155.59,120.63,India
743,2024-06-13,8,9,4,137.15,6.7,India
744,2024-03-13,29,2,4,881.56,87.5,India
745,2023-10-25,17,22,3,281.27,8.42,India
746,2023-12-21,11,11,5,186.02,6.21,India
747,2024-08-21,134,14,3,1106.6,214.53,India
748,2024-08-19,132,25,1,1155.59,76.26,India
749,2022-08-28,124,7,4,144.39,27.43,India
750,2024-01-26,195,23,4,1250.88,179.32,India
751,2023-04-16,166,17,1,1187.13,45.18,India
752,2024-01-23,46,8,3,1373.73,40.86,India
753,2022-04-01,114,14,2,1106.6,184.85,India
754,2022-08-25,124,1,2,421.52,17.55,India
755,2023-12-29,10,19,3,1293.17,49.97,India
756,2022-08-10,108,5,5,287.72,49.05,India
757,2022-10-12,131,24,5,362.1,38.13,India
758,2022-09-28,98,9,4,137.15,21.85,India
759,2022-06-21,187,5,4,287.72,46.85,India
760,2024-09-24,100,21,5,848.37,61.45,India
761,2024-09-29,158,22,1,281.27,20.52,India
762,2022-11-01,195,3,3,892.57,127.72,India
763,2023-11-12,82,25,4,1155.59,152.8,India
764,2023-10-13,58,2,2,881.56,68.97,India
765,2023-06-17,13,3,4,892.57,134.92,India
766,2024-03-25,5,13,3,408.96,43.54,India
767,2022-03-24,35,16,1,840.53,55.93,India
768,2024-05-11,39,25,1,1155.59,127.02,India
769,2024-04-12,78,7,1,144.39,27.68,India
770,2023-07-17,112,13,5,408.96,67.71,India
771,2022-06-30,16,6,3,682.88,113.16,India
772,2023-01-24,38,24,5,362.1,69.09,India
773,2024-09-13,81,8,1,1373.73,53.59,India
774,2024-04-11,29,16,1,840.53,161.47,India
775,2024-03-16,176,14,2,1106.6,24.33,India
776,2023-09-28,30,25,1,1155.59,38.3,India
777,2024-03-20,147,22,2,281.27,25.74,India
778,2023-04-29,69,24,1,362.1,43.73,India
779,2023-04-18,112,15,4,1364.09,122.55,India
780,2023-06-11,115,7,2,144.39,27.74,India
781,2023-05-29,189,5,1,287.72,44.6,India
782,2023-07-27,198,8,2,1373.73,161.32,India
783,2024-03-13,179,8,5,1373.73,245.43,India
784,2024-10-31,139,18,1,1218.1,94.46,India
785,2022-12-07,47,1,2,421.52,75.15,India
786,2024-01-29,28,11,4,186.02,25.95,India
787,2023-01-30,134,15,2,1364.09,45.35,India
788,2024-09-26,91,4,5,93.9,0.54,India
789,2022-11-30,157,18,4,1218.1,41.34,India
790,2022-10-17,40,14,5,1106.6,53.44,India
791,2023-10-06,1,7,4,144.39,18.94,India
792,2023-08-31,183,25,4,1155.59,228.11,India
793,2022-09-22,81,24,3,362.1,42.88,India
794,2022-04-13,193,7,3,144.39,25.5,India
795,2022-07-03,173,11,3,186.02,5.69,India
796,2023-03-01,80,23,3,1250.88,95.64,India
797,2023-09-25,6,1,3,421.52,69.57,India
798,2023-01-30,8,25,3,1155.59,146.11,India
799,2022-08-30,172,2,2,881.56,85.41,India
800,2024-12-18,97,18,3,1218.1,21.0,India
801,2022-05-28,146,7,1,144.39,10.48,India
802,2024-01-02,88,11,2,186.02,28.53,India
803,2024-01-31,191,14,4,1106.6,47.66,India
804,2022-03-09,98,15,2,1364.09,247.91,India
805,2024-05-02,197,13,5,408.96,51.66,India
806,2023-06-29,107,5,4,287.72,21.96,India
807,2024-03-28,24,17,3,1187.13,148.2,India
808,2023-09-16,158,23,3,1250.88,150.71,India
809,2024-09-04,110,11,3,186.02,21.85,India
810,2024-02-05,169,11,2,186.02,15.13,India
811,2022-08-01,88,8,4,1373.73,236.44,India
812,2022-12-03,72,2,4,881.56,121.1,India
813,2022-06-27,138,7,1,144.39,16.61,India
814,2022-11-27,77,7,1,144.39,24.52,India
815,2022-02-15,3,17,2,1187.13,171.43,India
816,2022-02-07,98,17,4,1187.13,19.25,India
817,2023-09-02,31,8,3,1373.73,270.95,India
818,2022-01-24,150,4,2,93.9,7.68,India
819,2023-07-29,64,25,2,1155.59,24.2,India
820,2022-07-10,182,17,2,1187.13,86.25,India
821,2022-08-01,171,16,5,840.53,153.09,India
822,2022-12-13,8,9,4,137.15,14.24,India
823,2024-12-13,133,21,4,848.37,3.53,India
824,2023-03-02,19,2,3,881.56,40.17,India
825,2024-05-09,4,3,5,892.57,75.04,India
826,2023-09-19,176,4,2,93.9,11.44,India
827,2023-05-17,145,17,4,1187.13,216.14,India
828,2022-11-21,42,1,2,421.52,83.89,India
829,2023-12-11,85,19,4,1293.17,50.21,India
830,2024-03-22,159,20,2,466.94,28.64,India
831,2024-06-19,65,5,1,287.72,44.73,India
832,2023-02-05,153,20,1,466.94,44.85,India
833,2023-10-07,121,2,5,881.56,112.38,India
834,2024-06-28,104,12,4,1060.53,162.77,India
835,2023-02-28,109,14,4,1106.6,42.97,India
836,2022-07-20,14,20,1,466.94,18.51,India
837,2022-05-16,104,4,1,93.9,16.12,India
838,2024-04-15,93,14,1,1106.6,215.08,India
839,2022-03-11,153,14,1,1106.6,184.04,India
840,2024-06-08,54,3,3,892.57,85.12,India
841,2024-07-18,7,6,3,682.88,90.1,India
842,2024-01-14,86,1,2,421.52,29.02,India
843,2024-10-27,173,1,4,421.52,7.85,India
844,2023-04-28,76,3,5,892.57,39.12,India
845,2023-12-22,44,11,2,186.02,4.41,India
846,2024-02-09,159,4,2,93.9,8.75,India
847,2024-05-27,98,4,3,93.9,5.43,India
848,2022-02-11,190,17,2,1187.13,172.06,India
849,2024-11-25,25,7,2,144.39,1.79,India
850,2023-07-13,177,14,5,1106.6,104.68,India
851,2024-05-20,23,21,5,848.37,128.86,India
852,2024-08-06,71,2,1,881.56,130.24,India
853,2024-03-31,102,14,1,1106.6,207.14,India
854,2024-01-31,191,1,3,421.52,35.15,India
855,2023-11-18,146,9,4,137.15,8.29,India
856,2022-05-27,144,1,1,421.52,16.91,India
857,2022-09-18,111,11,4,186.02,2.16,India
858,2022-05-27,139,14,2,1106.6,48.05,India
859,2023-05-23,54,20,5,466.94,62.66,India
860,2022-10-28,4,2,1,881.56,87.95,India
861,2023-11-17,92,17,3,1187.13,184.29,India
862,2022-06-16,49,19,2,1293.17,207.48,India
863,2023-07-04,65,23,4,1250.88,40.09,India
864,2024-05-27,148,23,2,1250.88,121.59,India
865,2024-08-08,127,15,2,1364.09,116.83,India
866,2023-06-03,46,4,1,93.9,8.09,India
867,2022-04-18,179,15,2,1364.09,158.2,India
868,2022-06-13,128,18,1,1218.1,84.18,India
869,2022-01-06,18,24,1,362.1,65.36,India
870,2024-05-11,64,2,3,881.56,118.51,India
871,2024-03-23,197,16,2,840.53,143.53,India
872,2022-10-02,47,24,1,362.1,49.48,India
873,2022-06-23,83,13,4,408.96,13.59,India
874,2023-05-05,155,19,1,1293.17,147.18,India
875,2022-02-28,94,14,4,1106.6,26.31,India
876,2024-04-12,77,16,5,840.53,114.38,India
877,2023-10-29,174,10,5,455.13,26.73,India
878,2023-03-22,25,1,3,421.52,1.43,India
879,2024-03-03,189,15,4,1364.09,62.15,India
880,2024-12-03,80,25,3,1155.59,69.36,India
881,2023-06-25,101,8,1,1373.73,148.26,India
882,2023-11-24,143,25,3,1155.59,19.17,India
883,2024-09-11,8,5,5,287.72,36.9,India
884,2022-02-19,93,7,2,144.39,24.22,India
885,2023-04-24,181,13,2,408.96,3.78,India
886,2022-11-14,16,10,3,455.13,36.85,India
887,2023-06-22,16,5,1,287.72,52.19,India
888,2024-12-26,76,2,3,881.56,98.09,India
889,2022-08-22,120,19,5,1293.17,52.39,India
890,2023-09-12,125,5,2,287.72,21.89,India
891,2024-03-13,70,11,4,186.02,21.71,India
892,2023-11-02,139,21,5,848.37,39.35,India
893,2024-01-30,39,7,1,144.39,20.16,India
894,2024-08-26,77,24,1,362.1,41.92,India
895,2023-06-01,113,2,4,881.56,36.47,India
896,2022-09-05,84,15,4,1364.09,117.31,India
897,2023-06-25,106,2,1,881.56,5.95,India
898,2023-12-29,57,20,1,466.94,64.96,India
899,2024-01-04,77,7,5,144.39,11.16,India
900,2024-07-11,182,17,5,1187.13,172.47,India
901,2024-08-26,104,9,2,137.15,11.65,India
902,2022-09-10,24,14,3,1106.6,61.44,India
903,2024-12-18,149,13,3,408.96,68.55,India
904,2023-08-26,47,9,4,137.15,2.7,India
905,2022-02-15,56,25,3,1155.59,94.73,India
906,2023-01-31,170,19,1,1293.17,52.69,India
907,2022-07-04,156,22,2,281.27,51.78,India
908,2023-11-13,75,15,5,1364.09,113.85,India
909,2024-08-05,45,8,1,1373.73,230.46,India
910,2024-01-03,9,22,3,281.27,35.73,India
911,2022-12-08,70,18,2,1218.1,79.53,India
912,2022-04-29,37,23,4,1250.88,165.96,India
913,2022-08-20,142,11,5,186.02,17.53,India
914,2022-08-16,98,6,3,682.88,104.71,India
915,2024-07-20,200,6,1,682.88,75.97,India
916,2024-09-14,195,20,1,466.94,18.58,India
917,2024-09-15,76,5,3,287.72,46.96,India
918,2023-04-27,30,18,2,1218.1,42.27,India
919,2024-07-23,122,7,3,144.39,19.53,India
920,2024-09-25,54,15,4,1364.09,61.07,India
921,2023-07-06,2,20,2,466.94,23.78,India
922,2023-05-09,158,19,3,1293.17,212.62,India
923,2024-09-17,6,15,3,1364.09,38.24,India
924,2024-06-13,7,13,5,408.96,31.42,India
925,2023-05-02,184,25,3,1155.59,204.44,India
926,2024-09-17,25,12,2,1060.53,7.27,India
927,2024-04-26,120,19,2,1293.17,6.83,India
928,2022-07-11,90,10,1,455.13,83.13,India
929,2022-02-16,27,1,2,421.52,15.68,India
930,2022-03-25,24,24,5,362.1,56.91,India
931,2024-07-20,119,10,3,455.13,88.65,India
932,2024-06-30,34,8,4,1373.73,261.8,India
933,2024-08-07,60,16,5,840.53,19.46,India
934,2023-06-16,167,7,5,144.39,7.4,India
935,2022-02-03,160,3,1,892.57,105.15,India
936,2022-11-16,198,14,4,1106.6,112.74,India
937,2022-05-21,106,12,2,1060.53,123.42,India
938,2024-08-22,77,21,4,848.37,3.39,India
939,2023-10-08,143,10,2,455.13,58.52,India
940,2022-06-05,184,2,1,881.56,38.27,India
941,2024-01-08,16,14,2,1106.6,149.55,India
942,2023-07-17,102,5,3,287.72,14.9,India
943,2024-04-03,82,6,5,682.88,78.89,India
944,2022-01-15,68,15,3,1364.09,62.31,India
945,2023-12-22,184,24,5,362.1,30.3,India
946,2023-11-18,20,6,1,682.88,8.76,India
947,2024-07-15,64,13,4,408.96,77.16,India
948,2022-10-08,33,1,1,421.52,78.18,India
949,2022-10-11,69,10,5,455.13,84.65,India
950,2024-03-14,153,21,4,848.37,80.43,India
951,2024-01-08,1,14,1,1106.6,169.96,India
952,2023-07-15,118,1,3,421.52,8.66,India
953,2022-09-25,30,17,5,1187.13,216.22,India
954,2022-08-02,75,4,4,93.9,6.08,India
955,2024-04-14,134,5,1,287.72,17.32,India
956,2024-08-22,190,16,1,840.53,144.05,India
957,2024-12-03,138,5,3,287.72,9.64,India
958,2024-11-20,183,16,3,840.53,144.29,India
959,2023-01-09,164,9,2,137.15,16.29,India
960,2022-05-07,153,2,2,881.56,33.84,India
961,2022-12-16,169,8,1,1373.73,254.46,India
962,2024-05-05,143,22,2,281.27,46.39,India
963,2024-11-06,116,19,1,1293.17,233.35,India
964,2023-04-10,111,4,3,93.9,8.26,India
965,2022-03-31,195,20,2,466.94,4.62,India
966,2022-08-06,83,1,3,421.52,62.93,India
967,2022-12-28,135,15,4,1364.09,215.71,India
968,2024-06-05,46,4,5,93.9,6.24,India
969,2024-09-22,94,23,3,1250.88,147.22,India
970,2022-10-18,8,22,5,281.27,54.49,India
971,2024-11-23,146,2,5,881.56,95.86,India
972,2023-09-15,69,6,4,682.88,87.8,India
973,2022-03-04,147,14,4,1106.6,212.43,India
974,2024-01-31,109,13,2,408.96,51.99,India
975,2024-03-22,82,25,3,1155.59,85.42,India
976,2023-06-29,127,3,4,892.57,26.74,India
977,2023-09-24,186,1,5,421.52,10.69,India
978,2022-06-26,53,7,3,144.39,18.53,India
979,2024-03-16,43,21,5,848.37,151.68,India
980,2023-11-22,185,22,4,281.27,48.66,India
981,2022-02-23,33,23,3,1250.88,180.42,India
982,2024-04-17,18,11,3,186.02,31.12,India
983,2022-11-18,75,16,4,840.53,75.46,India
984,2023-05-16,193,4,4,93.9,6.7,India
985,2024-05-13,19,23,2,1250.88,245.84,India
986,2024-03-23,15,24,4,362.1,46.49,India
987,2022-09-25,157,5,1,287.72,36.63,India
988,2024-09-25,21,18,2,1218.1,57.94,India
989,2023-03-06,106,20,5,466.94,80.91,India
990,2022-02-08,40,7,4,144.39,13.14,India
991,2024-04-23,58,8,4,1373.73,273.09,India
992,2023-03-22,170,2,4,881.56,134.5,India
993,2023-06-10,73,2,2,881.56,7.08,India
994,2024-07-21,123,22,2,281.27,33.89,India
995,2024-04-16,9,22,1,281.27,36.19,India
996,2022-01-09,17,21,5,848.37,158.02,India
997,2023-08-19,166,18,5,1218.1,183.01,India
998,2024-03-14,89,21,2,848.37,36.6,India
999,2023-08-07,54,13,3,408.96,6.33,India
1000,2023-06-02,75,24,5,362.1,19.22,India
1001,2023-12-10,29,11,2,186.02,17.79,India
1002,2024-07-17,135,10,2,455.13,63.05,India
1003,2024-03-21,197,4,3,93.9,14.91,India
1004,2022-01-30,79,5,2,287.72,44.61,India
1005,2023-12-30,63,6,4,682.88,124.23,India
1006,2024-01-11,8,19,3,1293.17,94.23,India
1007,2022-04-17,48,13,2,408.96,5.92,India
1008,2024-06-01,78,14,2,1106.6,164.83,India
1009,2022-11-04,122,4,1,93.9,7.07,India
1010,2024-06-14,106,16,1,840.53,107.54,India
1011,2022-03-22,128,22,5,281.27,31.68,India
1012,2024-03-31,64,20,2,466.94,88.61,India
1013,2022-08-26,120,13,3,408.96,66.89,India
1014,2022-09-16,159,5,3,287.72,15.98,India
1015,2022-02-27,125,7,5,144.39,6.99,India
1016,2024-11-08,15,12,3,1060.53,88.99,India
1017,2024-01-18,36,15,2,1364.09,19.76,India
1018,2023-02-24,39,1,4,421.52,50.41,India
1019,2022-01-09,48,17,2,1187.13,32.53,India
1020,2024-12-11,120,14,3,1106.6,138.87,India
1021,2023-03-21,187,15,5,1364.09,26.32,India
1022,2022-02-21,123,19,3,1293.17,116.18,India
1023,2024-04-02,60,19,1,1293.17,45.47,India
1024,2022-09-05,186,5,1,287.72,33.81,India
1025,2022-07-12,42,24,4,362.1,27.92,India
1026,2022-09-11,11,11,5,186.02,24.72,India
1027,2023-05-04,121,13,1,408.96,70.99,India
1028,2024-12-16,161,21,4,848.37,159.15,India
1029,2022-04-09,186,20,4,466.94,31.75,India
1030,2024-04-21,89,2,5,881.56,84.98,India
1031,2022-04-15,116,14,1,1106.6,114.85,India
1032,2023-09-14,157,13,4,408.96,9.13,India
1033,2022-01-27,27,8,2,1373.73,230.48,India
1034,2024-11-04,199,20,3,466.94,4.99,India
1035,2024-03-03,82,3,5,892.57,65.08,India
1036,2023-05-16,101,2,3,881.56,168.43,India
1037,2022-06-16,112,19,3,1293.17,213.46,India
1038,2024-02-18,55,22,4,281.27,38.77,India
1039,2024-06-01,175,20,2,466.94,69.51,India
1040,2023-11-10,122,22,1,281.27,12.01,India
1041,2022-04-16,1,15,5,1364.09,224.3,India
1042,2024-12-20,36,6,5,682.88,46.87,India
1043,2024-03-11,5,22,5,281.27,6.02,India
1044,2024-04-26,155,12,5,1060.53,65.92,India
1045,2024-03-05,36,22,5,281.27,17.22,India
1046,2022-06-17,57,11,3,186.02,35.96,India
1047,2024-07-11,80,17,4,1187.13,132.25,India
1048,2023-09-18,174,16,4,840.53,11.6,India
1049,2022-12-24,172,10,2,455.13,35.8,India
1050,2023-08-02,87,3,4,892.57,100.13,India
1051,2024-08-02,182,20,4,466.94,0.49,India
1052,2024-07-15,171,23,3,1250.88,177.44,India
1053,2023-03-05,26,9,3,137.15,9.22,India
1054,2023-08-21,126,20,5,466.94,78.58,India
1055,2022-09-11,52,8,3,1373.73,129.41,India
1056,2024-12-20,38,23,4,1250.88,54.08,India
1057,2024-08-26,130,4,1,93.9,5.5,India
1058,2022-01-04,30,23,5,1250.88,181.3,India
1059,2024-03-05,59,12,5,1060.53,207.94,India
1060,2023-10-10,195,23,3,1250.88,38.27,India
1061,2024-01-19,186,3,1,892.57,21.11,India
1062,2024-06-02,93,3,3,892.57,120.89,India
1063,2024-10-24,157,2,2,881.56,142.29,India
1064,2024-04-01,61,13,2,408.96,3.55,India
1065,2023-02-18,118,24,5,362.1,65.91,India
1066,2024-10-22,44,17,4,1187.13,53.8,India
1067,2022-01-11,150,20,5,466.94,51.88,India
1068,2023-10-22,134,16,5,840.53,68.71,India
1069,2024-03-11,152,24,3,362.1,39.35,India
1070,2023-10-21,168,13,2,408.96,10.11,India
1071,2024-07-28,171,24,2,362.1,57.14,India
1072,2023-07-17,1,2,1,881.56,14.27,India
1073,2022-10-07,52,2,1,881.56,63.46,India
1074,2022-01-15,98,1,2,421.52,18.15,India
1075,2022-05-16,3,19,5,1293.17,225.41,India
1076,2024-04-11,135,23,3,1250.88,130.74,India
1077,2022-10-05,167,10,1,455.13,33.63,India
1078,2022-01-25,179,17,1,1187.13,130.24,India
1079,2024-02-25,171,24,5,362.1,7.05,India
1080,2022-11-20,47,17,4,1187.13,80.98,India
1081,2024-03-15,90,3,3,892.57,141.54,India
1082,2023-05-14,18,21,3,848.37,23.21,India
1083,2024-03-03,155,4,4,93.9,9.57,India
1084,2023-07-06,121,21,1,848.37,74.46,India
1085,2023-12-17,104,5,2,287.72,27.28,India
1086,2023-11-04,142,23,4,1250.88,72.66,India
1087,2023-04-16,192,10,2,455.13,43.44,India
1088,2022-10-19,176,24,3,362.1,43.73,India
1089,2022-12-19,171,10,1,455.13,20.75,India
1090,2022-12-08,6,19,5,1293.17,198.16,India
1091,2024-03-07,6,17,2,1187.13,133.84,India
1092,2024-12-01,185,17,5,1187.13,131.77,India
1093,2023-12-11,198,4,2,93.9,14.28,India
1094,2024-01-22,57,1,2,421.52,37.92,India
1095,2022-02-12,46,23,1,1250.88,73.03,India
1096,2023-03-23,108,14,3,1106.6,1.42,India
1097,2023-03-03,15,16,4,840.53,138.31,India
1098,2022-10-07,143,13,2,408.96,38.53,India
1099,2022-11-01,48,9,5,137.15,10.97,India
1100,2023-07-05,64,14,4,1106.6,25.98,India
1101,2024-07-07,180,20,3,466.94,78.96,India
1102,2023-07-13,133,2,3,881.56,122.71,India
1103,2022-02-26,160,24,2,362.1,29.52,India
1104,2024-05-25,164,23,2,1250.88,59.18,India
1105,2023-07-05,26,18,4,1218.1,202.24,India
1106,2024-12-29,175,22,4,281.27,17.33,India
1107,2024-12-26,130,4,1,93.9,7.68,India
1108,2023-11-17,10,3,4,892.57,131.77,India
1109,2022-09-17,149,5,2,287.72,47.33,India
1110,2024-06-22,121,11,3,186.02,20.07,India
1111,2024-07-28,12,18,4,1218.1,10.0,India
1112,2022-02-19,77,13,2,408.96,0.61,India
1113,2024-06-30,5,16,4,840.53,157.77,India
1114,2023-02-28,2,22,2,281.27,12.78,India
1115,2022-02-15,148,21,5,848.37,145.42,India
1116,2023-06-15,50,4,2,93.9,16.95,India
1117,2022-12-15,54,6,4,682.88,24.96,India
1118,2024-12-25,24,3,1,892.57,84.03,India
1119,2023-10-24,36,11,5,186.02,8.22,India
1120,2022-07-19,145,15,1,1364.09,201.7,India
1121,2023-12-20,117,24,2,362.1,52.0,India
1122,2024-09-08,195,21,4,848.37,37.28,India
1123,2022-02-22,37,24,4,362.1,37.38,India
1124,2023-02-25,157,3,2,892.57,163.27,India
1125,2023-03-02,146,12,2,1060.53,78.95,India
1126,2024-10-10,121,1,1,421.52,0.63,India
1127,2023-04-01,50,1,5,421.52,14.18,India
1128,2024-03-22,195,10,5,455.13,77.77,India
1129,2022-05-29,129,24,3,362.1,4.91,India
1130,2024-01-02,121,25,1,1155.59,168.01,India
1131,2022-06-18,113,7,2,144.39,9.4,India
1132,2022-07-21,167,17,5,1187.13,12.73,India
1133,2023-04-17,168,3,2,892.57,17.69,India
1134,2022-03-13,132,20,4,466.94,57.49,India
1135,2024-12-10,189,4,4,93.9,7.69,India
1136,2022-07-27,120,15,3,1364.09,7.51,India
1137,2022-11-24,185,15,3,1364.09,12.18,India
1138,2024-04-21,155,3,3,892.57,95.89,India
1139,2022-03-16,59,2,2,881.56,124.68,India
1140,2022-10-21,186,1,2,421.52,26.66,India
1141,2022-09-23,155,8,2,1373.73,86.56,India
1142,2024-10-12,83,1,3,421.52,10.15,India
1143,2024-07-09,194,12,3,1060.53,195.86,India
1144,2023-11-20,85,17,5,1187.13,77.09,India
1145,2024-08-14,120,18,1,1218.1,237.71,India
1146,2022-09-13,51,17,2,1187.13,30.97,India
1147,2024-02-26,69,5,2,287.72,15.89,India
1148,2022-08-02,171,22,5,281.27,18.59,India
1149,2022-03-03,189,8,5,1373.73,76.72,India
1150,2023-08-22,125,4,5,93.9,2.77,India
1151,2024-08-09,165,10,1,455.13,3.85,India
1152,2022-09-12,60,13,1,408.96,31.67,India
1153,2024-10-30,48,23,3,1250.88,242.46,India
1154,2022-01-31,34,8,5,1373.73,236.74,India
1155,2023-11-20,17,19,5,1293.17,21.24,India
1156,2024-12-09,1,4,5,93.9,13.26,India
1157,2024-11-14,103,9,5,137.15,20.63,India
1158,2022-12-06,84,10,1,455.13,66.2,India
1159,2023-08-07,49,23,5,1250.88,72.75,India
1160,2024-11-05,7,6,1,682.88,3.47,India
1161,2024-01-12,112,8,4,1373.73,243.38,India
1162,2022-05-10,197,17,5,1187.13,72.52,India
1163,2022-10-16,66,16,2,840.53,123.89,India
1164,2022-06-05,61,2,4,881.56,105.38,India
1165,2023-03-04,180,6,4,682.88,108.85,India
1166,2024-12-02,168,20,2,466.94,35.41,India
1167,2023-11-10,77,7,5,144.39,0.6,India
1168,2022-11-06,196,3,1,892.57,135.17,India
1169,2023-12-17,120,21,1,848.37,138.19,India
1170,2023-09-09,99,23,5,1250.88,209.02,India
1171,2024-11-19,28,14,3,1106.6,32.56,India
1172,2022-01-19,58,1,4,421.52,16.85,India
1173,2024-10-19,155,19,4,1293.17,116.2,India
1174,2024-05-31,117,21,2,848.37,79.18,India
1175,2024-11-12,149,5,1,287.72,20.16,India
1176,2022-12-31,146,16,3,840.53,30.38,India
1177,2024-12-20,194,14,5,1106.6,167.32,India
1178,2022-04-26,69,10,2,455.13,56.05,India
1179,2023-03-23,20,1,1,421.52,4.31,India
1180,2023-10-18,186,24,3,362.1,27.61,India
1181,2022-12-10,164,10,2,455.13,18.2,India
1182,2023-10-12,100,13,3,408.96,37.06,India
1183,2023-10-11,78,15,1,1364.09,96.76,India
1184,2023-10-06,140,17,3,1187.13,30.73,India
1185,2022-02-22,64,7,1,144.39,25.9,India
1186,2023-08-31,118,2,2,881.56,56.07,India
1187,2022-10-07,192,3,3,892.57,147.02,India
1188,2023-12-25,82,17,5,1187.13,226.38,India
1189,2024-10-06,161,11,1,186.02,12.76,India
1190,2022-02-08,140,2,5,881.56,54.99,India
1191,2023-09-17,115,24,1,362.1,52.25,India
1192,2024-10-01,83,14,4,1106.6,16.08,India
1193,2023-02-24,88,12,1,1060.53,86.19,India
1194,2024-06-03,29,6,3,682.88,133.13,India
1195,2022-04-03,165,17,1,1187.13,173.87,India
1196,2023-12-24,87,2,5,881.56,58.23,India
1197,2023-07-16,150,18,4,1218.1,199.6,India
1198,2024-10-29,4,8,1,1373.73,147.9,India
1199,2024-03-19,34,21,1,848.37,24.49,India
1200,2023-06-26,69,8,3,1373.73,222.52,India
1201,2022-08-26,5,2,4,881.56,166.01,India
1202,2023-11-03,170,14,5,1106.6,135.51,India
1203,2022-06-17,173,24,3,362.1,48.49,India
1204,2022-05-06,47,11,4,186.02,20.06,India
1205,2024-08-28,141,12,4,1060.53,107.51,India
1206,2024-08-31,114,2,5,881.56,84.55,India
1207,2024-02-21,7,23,3,1250.88,192.98,India
1208,2023-06-24,170,5,5,287.72,25.33,India
1209,2023-02-05,64,6,1,682.88,106.47,India
1210,2024-05-05,34,12,1,1060.53,76.64,India
1211,2022-03-19,36,1,1,421.52,76.82,India
1212,2024-04-30,146,1,5,421.52,57.39,India
1213,2024-03-05,53,17,4,1187.13,53.12,India
1214,2022-08-26,144,11,3,186.02,30.01,India
1215,2023-07-22,148,20,5,466.94,43.45,India
1216,2023-03-01,33,2,1,881.56,30.56,India
1217,2022-09-10,119,13,5,408.96,39.6,India
1218,2022-02-04,97,18,1,1218.1,238.1,India
1219,2023-03-16,134,15,2,1364.09,25.64,India
1220,2024-07-14,161,4,3,93.9,2.75,India
1221,2022-05-08,44,7,4,144.39,8.11,India
1222,2022-10-07,6,13,2,408.96,64.33,India
1223,2023-08-15,120,19,1,1293.17,185.1,India
1224,2023-05-20,84,10,3,455.13,9.64,India
1225,2023-04-23,150,11,4,186.02,11.71,India
1226,2023-07-10,25,9,5,137.15,11.77,India
1227,2022-03-16,61,4,5,93.9,16.76,India
1228,2022-02-23,40,23,4,1250.88,162.16,India
1229,2023-02-10,169,25,4,1155.59,21.31,India
1230,2022-12-18,173,4,2,93.9,6.62,India
1231,2023-07-05,25,17,5,1187.13,228.29,India
1232,2022-06-18,10,7,3,144.39,24.13,India
1233,2024-08-31,90,13,4,408.96,9.51,India
1234,2022-12-19,106,6,5,682.88,6.99,India
1235,2023-08-06,189,12,5,1060.53,143.6,India
1236,2023-03-08,197,6,1,682.88,17.41,India
1237,2024-05-01,59,4,3,93.9,7.08,India
1238,2022-06-25,50,2,3,881.56,54.54,India
1239,2024-01-29,111,8,4,1373.73,266.14,India
1240,2022-05-18,68,6,5,682.88,78.54,India
1241,2023-12-22,68,24,4,362.1,59.2,India
1242,2023-03-28,92,2,4,881.56,136.09,India
1243,2023-03-20,166,22,5,281.27,5.6,India
1244,2024-03-31,98,6,4,682.88,80.03,India
1245,2024-10-10,30,22,2,281.27,31.8,India
1246,2024-05-21,53,22,3,281.27,33.57,India
1247,2024-01-21,71,3,5,892.57,64.47,India
1248,2023-03-10,55,16,1,840.53,47.29,India
1249,2024-01-01,129,6,2,682.88,60.53,India
1250,2023-06-08,113,19,4,1293.17,17.88,India
1251,2024-04-28,115,2,2,881.56,53.39,India
1252,2024-10-28,128,24,2,362.1,30.29,India
1253,2024-04-16,149,1,5,421.52,76.41,India
1254,2023-04-21,72,21,3,848.37,49.48,India
1255,2023-07-27,97,16,3,840.53,109.9,India
1256,2023-01-28,101,20,2,466.94,20.13,India
1257,2023-04-09,49,20,2,466.94,8.9,India
1258,2023-12-10,99,13,1,408.96,2.11,India
1259,2024-01-30,36,21,3,848.37,107.5,India
1260,2022-04-13,82,6,4,682.88,75.15,India
1261,2023-01-07,108,16,3,840.53,102.13,India
1262,2023-09-14,146,18,2,1218.1,176.3,India
1263,2023-07-20,93,12,4,1060.53,183.11,India
1264,2023-11-18,83,2,3,881.56,112.77,India
1265,2024-11-09,124,1,1,421.52,20.05,India
1266,2023-04-04,11,13,3,408.96,43.95,India
1267,2023-05-30,180,5,4,287.72,46.86,India
1268,2022-09-13,12,11,4,186.02,28.46,India
1269,2022-07-24,35,15,5,1364.09,242.67,India
1270,2022-10-07,126,20,1,466.94,1.69,India
1271,2023-10-15,134,1,4,421.52,18.24,India
1272,2024-06-17,110,11,1,186.02,32.45,India
1273,2024-10-07,59,7,3,144.39,4.6,India
1274,2022-09-03,41,11,2,186.02,0.03,India
1275,2022-06-28,103,4,4,93.9,9.48,India
1276,2022-10-01,200,15,4,1364.09,184.8,India
1277,2024-03-16,164,20,5,466.94,82.79,India
1278,2023-03-09,162,12,2,1060.53,78.94,India
1279,2022-12-02,108,13,2,408.96,16.3,India
1280,2023-04-26,189,1,3,421.52,47.39,India
1281,2023-05-28,66,4,3,93.9,9.43,India
1282,2024-01-17,68,12,1,1060.53,207.97,India
1283,2024-09-21,127,1,2,421.52,3.36,India
1284,2023-10-14,4,17,5,1187.13,14.19,India
1285,2022-12-19,124,13,3,408.96,48.55,India
1286,2023-07-16,42,1,3,421.52,81.3,India
1287,2023-04-22,167,4,3,93.9,12.5,India
1288,2022-02-11,14,14,4,1106.6,71.59,India
1289,2023-07-25,112,8,2,1373.73,55.92,India
1290,2024-01-07,97,17,4,1187.13,65.9,India
1291,2024-04-19,2,14,3,1106.6,130.2,India
1292,2022-07-03,47,18,2,1218.1,148.61,India
1293,2023-06-25,70,1,4,421.52,39.12,India
1294,2023-05-05,130,17,2,1187.13,62.59,India
1295,2024-07-31,63,12,3,1060.53,83.89,India
1296,2022-01-07,2,7,1,144.39,13.83,India
1297,2022-08-09,190,9,5,137.15,7.7,India
1298,2024-07-18,185,17,4,1187.13,196.35,India
1299,2023-09-05,158,7,5,144.39,18.6,India
1300,2022-03-28,174,1,5,421.52,19.75,India
1301,2023-08-12,73,23,5,1250.88,141.57,India
1302,2023-11-08,151,19,4,1293.17,195.54,India
1303,2024-04-08,177,6,4,682.88,95.72,India
1304,2024-01-16,42,4,4,93.9,14.13,India
1305,2024-07-09,165,20,5,466.94,56.7,India
1306,2022-02-28,76,17,5,1187.13,113.18,India
1307,2022-07-31,129,21,4,848.37,9.95,India
1308,2022-08-30,173,4,2,93.9,15.38,India
1309,2024-03-28,180,5,4,287.72,24.17,India
1310,2022-07-31,71,24,1,362.1,37.03,India
1311,2023-03-03,7,22,1,281.27,7.45,India
1312,2023-02-18,97,2,2,881.56,4.29,India
1313,2024-08-07,34,9,4,137.15,11.33,India
1314,2023-05-21,41,25,5,1155.59,114.25,India
1315,2023-10-28,1,3,1,892.57,57.95,India
1316,2023-06-07,136,4,2,93.9,16.46,India
1317,2023-11-27,45,18,1,1218.1,10.01,India
1318,2022-05-19,38,24,5,362.1,31.14,India
1319,2024-09-03,64,5,5,287.72,11.86,India
1320,2022-10-31,121,23,3,1250.88,189.88,India
1321,2024-07-12,104,2,4,881.56,50.72,India
1322,2024-03-26,118,11,2,186.02,33.35,India
1323,2024-12-15,191,18,1,1218.1,221.25,India
1324,2023-03-14,101,19,5,1293.17,252.73,India
1325,2023-05-27,50,13,4,408.96,61.44,India
1326,2023-04-16,38,10,3,455.13,43.55,India
1327,2024-04-27,72,24,4,362.1,0.15,India
1328,2024-02-05,22,16,5,840.53,93.34,India
1329,2023-08-05,66,7,4,144.39,2.16,India
1330,2024-02-04,44,5,1,287.72,3.85,India
1331,2022-08-22,192,22,5,281.27,53.79,India
1332,2022-06-01,155,19,3,1293.17,190.37,India
1333,2024-12-11,132,17,3,1187.13,128.23,India
1334,2023-05-06,22,24,3,362.1,62.75,India
1335,2024-12-21,5,18,5,1218.1,225.39,India
1336,2023-07-09,120,13,4,408.96,56.64,India
1337,2024-04-30,193,2,3,881.56,160.51,India
1338,2023-10-25,128,22,5,281.27,23.26,India
1339,2022-09-29,158,15,1,1364.09,143.45,India
1340,2024-07-31,66,15,3,1364.09,229.44,India
1341,2023-10-20,125,2,1,881.56,149.29,India
1342,2023-04-26,26,21,5,848.37,97.17,India
1343,2024-09-24,196,2,5,881.56,24.85,India
1344,2022-04-20,125,4,4,93.9,13.57,India
1345,2023-06-15,46,5,3,287.72,6.79,India
1346,2022-07-28,161,15,3,1364.09,222.07,India
1347,2022-02-08,75,12,3,1060.53,94.66,India
1348,2024-03-31,26,7,1,144.39,24.35,India
1349,2024-06-30,74,23,5,1250.88,21.26,India
1350,2023-02-13,101,7,5,144.39,15.06,India
1351,2022-12-13,33,22,5,281.27,38.6,India
1352,2022-10-26,133,5,2,287.72,20.03,India
1353,2023-02-09,169,5,1,287.72,48.58,India
1354,2022-02-18,75,4,4,93.9,12.16,India
1355,2022-05-15,101,20,4,466.94,60.65,India
1356,2024-03-08,184,22,1,281.27,20.86,India
1357,2023-06-23,134,17,4,1187.13,37.14,India
1358,2023-11-06,157,24,4,362.1,7.32,India
1359,2022-08-16,100,1,4,421.52,11.88,India
1360,2022-06-09,192,21,4,848.37,66.5,India
1361,2022-10-30,159,10,2,455.13,79.56,India
1362,2023-11-16,181,25,4,1155.59,189.5,India
1363,2024-08-27,79,7,1,144.39,1.17,India
1364,2022-04-17,150,15,2,1364.09,135.5,India
1365,2024-06-23,15,6,2,682.88,76.25,India
1366,2023-04-04,139,2,1,881.56,121.8,India
1367,2024-10-21,177,5,4,287.72,36.47,India
1368,2024-05-24,64,15,5,1364.09,84.38,India
1369,2023-09-26,81,19,5,1293.17,172.73,India
1370,2022-12-27,72,22,5,281.27,19.39,India
1371,2022-09-17,85,23,3,1250.88,55.31,India
1372,2024-11-20,23,25,2,1155.59,161.71,India
1373,2022-11-04,167,18,3,1218.1,1.1,India
1374,2023-08-13,154,14,4,1106.6,1.92,India
1375,2023-08-21,174,8,2,1373.73,46.2,India
1376,2024-03-10,45,7,5,144.39,10.93,India
1377,2024-03-29,176,9,2,137.15,17.24,India
1378,2024-12-10,129,12,3,1060.53,195.68,India
1379,2022-04-09,157,12,5,1060.53,123.89,India
1380,2024-01-13,179,13,2,408.96,33.49,India
1381,2022-04-30,84,17,4,1187.13,188.22,India
1382,2024-04-02,112,3,4,892.57,29.95,India
1383,2022-12-23,32,19,2,1293.17,257.96,India
1384,2024-09-10,137,5,4,287.72,39.65,India
1385,2024-05-17,123,10,3,455.13,58.54,India
1386,2024-07-04,104,17,4,1187.13,2.54,India
1387,2023-01-24,163,23,5,1250.88,62.52,India
1388,2023-06-03,149,6,4,682.88,47.57,India
1389,2024-08-22,105,10,5,455.13,17.93,India
1390,2024-01-25,156,20,5,466.94,2.35,India
1391,2023-04-11,98,13,3,408.96,21.68,India
1392,2022-04-08,179,14,2,1106.6,98.94,India
1393,2022-02-17,14,13,2,408.96,35.33,India
1394,2022-09-03,181,25,4,1155.59,136.59,India
1395,2023-04-20,163,7,1,144.39,20.92,India
1396,2023-06-21,36,4,2,93.9,15.37,India
1397,2024-06-07,166,15,1,1364.09,159.05,India
1398,2022-10-03,124,21,4,848.37,132.24,India
1399,2022-03-19,129,21,3,848.37,87.43,India
1400,2022-01-26,75,1,1,421.52,55.29,India
1401,2024-11-21,92,21,2,848.37,63.55,India
1402,2023-05-28,169,20,5,466.94,34.31,India
1403,2023-12-07,20,8,1,1373.73,111.54,India
1404,2023-10-30,94,19,5,1293.17,102.31,India
1405,2024-09-21,160,23,5,1250.88,199.94,India
1406,2022-06-03,140,10,4,455.13,24.83,India
1407,2024-06-09,28,8,1,1373.73,169.86,India
1408,2022-04-29,116,24,2,362.1,35.12,India
1409,2024-02-28,141,15,1,1364.09,120.35,India
1410,2023-12-10,103,24,5,362.1,27.38,India
1411,2022-02-02,191,15,1,1364.09,99.97,India
1412,2023-07-06,172,9,5,137.15,14.46,India
1413,2022-01-19,72,2,1,881.56,88.98,India
1414,2024-06-12,42,19,4,1293.17,93.73,India
1415,2024-07-28,59,24,4,362.1,35.1,India
1416,2023-03-25,185,11,3,186.02,20.96,India
1417,2023-02-07,106,25,1,1155.59,190.56,India
1418,2022-12-20,65,4,2,93.9,7.43,India
1419,2022-02-17,51,5,3,287.72,26.63,India
1420,2023-07-22,105,22,5,281.27,32.98,India
1421,2024-07-22,5,23,4,1250.88,121.96,India
1422,2022-06-26,41,15,2,1364.09,201.03,India
1423,2022-07-09,144,22,3,281.27,12.66,India
1424,2022-02-09,190,16,3,840.53,66.5,India
1425,2024-12-13,138,21,1,848.37,89.97,India
1426,2022-06-06,80,6,5,682.88,97.38,India
1427,2024-04-30,124,9,4,137.15,7.19,India
1428,2024-12-14,8,22,3,281.27,2.79,India
1429,2023-08-04,30,21,1,848.37,28.85,India
1430,2022-07-18,110,3,2,892.57,145.82,India
1431,2022-11-21,55,11,3,186.02,8.58,India
1432,2022-10-02,22,8,3,1373.73,116.48,India
1433,2023-07-24,104,24,4,362.1,54.74,India
1434,2023-12-10,186,9,3,137.15,15.83,India
1435,2024-07-26,95,7,5,144.39,11.57,India
1436,2023-12-11,142,12,3,1060.53,53.0,India
1437,2023-08-03,167,25,2,1155.59,131.31,India
1438,2024-09-18,120,1,5,421.52,72.26,India
1439,2023-12-18,136,16,5,840.53,157.97,India
1440,2024-07-16,75,6,1,682.88,135.29,India
1441,2022-05-23,72,7,1,144.39,25.95,India
1442,2023-05-16,169,9,4,137.15,19.72,India
1443,2023-10-31,165,25,1,1155.59,83.35,India
1444,2024-11-06,80,25,3,1155.59,100.55,India
1445,2022-09-08,116,6,1,682.88,93.79,India
1446,2022-08-22,183,19,4,1293.17,134.93,India
1447,2023-08-15,198,24,3,362.1,11.18,India
1448,2024-03-15,198,16,3,840.53,94.99,India
1449,2023-03-18,126,1,5,421.52,0.61,India
1450,2024-03-27,60,2,2,881.56,5.89,India
1451,2024-01-02,106,19,4,1293.17,146.6,India
1452,2024-05-21,138,12,3,1060.53,130.94,India
1453,2022-11-30,11,20,2,466.94,69.87,India
1454,2024-04-20,100,19,4,1293.17,204.08,India
1455,2023-04-06,136,25,3,1155.59,179.32,India
1456,2024-10-22,68,15,3,1364.09,142.53,India
1457,2023-03-14,18,8,3,1373.73,159.18,India
1458,2022-10-12,167,2,4,881.56,158.95,India
1459,2024-01-07,191,24,3,362.1,5.16,India
1460,2022-01-27,19,16,4,840.53,74.62,India
1461,2024-01-17,22,25,2,1155.59,11.8,India
1462,2022-07-06,183,1,1,421.52,45.28,India
1463,2024-10-14,16,20,2,466.94,46.65,India
1464,2022-07-19,90,11,3,186.02,4.64,India
1465,2024-04-14,38,25,2,1155.59,123.73,India
1466,2022-11-06,123,8,5,1373.73,168.09,India
1467,2023-01-05,120,4,3,93.9,16.79,India
1468,2023-03-19,26,12,1,1060.53,126.7,India
1469,2024-12-27,152,7,5,144.39,26.07,India
1470,2024-06-28,133,23,2,1250.88,17.84,India
1471,2022-06-03,161,9,2,137.15,19.32,India
1472,2022-12-26,42,5,5,287.72,10.69,India
1473,2022-02-10,14,12,1,1060.53,107.96,India
1474,2022-03-02,161,23,5,1250.88,147.74,India
1475,2024-01-01,45,12,3,1060.53,20.19,India
1476,2022-05-06,162,7,2,144.39,20.15,India
1477,2023-05-15,144,25,4,1155.59,218.01,India
1478,2024-08-22,185,17,4,1187.13,6.21,India
1479,2024-10-17,77,6,4,682.88,107.02,India
1480,2024-01-23,197,18,3,1218.1,190.25,India
1481,2023-10-04,43,5,2,287.72,28.34,India
1482,2022-03-20,81,20,1,466.94,68.77,India
1483,2022-05-15,186,22,4,281.27,20.58,India
1484,2023-11-15,111,1,4,421.52,6.62,India
1485,2023-05-26,127,19,2,1293.17,148.96,India
1486,2022-05-08,111,12,4,1060.53,48.23,India
1487,2023-08-01,65,22,4,281.27,0.68,India
1488,2023-05-04,176,21,4,848.37,151.71,India
1489,2023-01-17,199,2,5,881.56,53.61,India
1490,2022-07-19,183,9,4,137.15,24.27,India
1491,2022-06-21,86,3,1,892.57,65.4,India
1492,2023-08-22,119,6,4,682.88,125.63,India
1493,2024-11-13,71,14,5,1106.6,191.33,India
1494,2022-11-14,5,8,2,1373.73,124.43,India
1495,2022-07-23,171,11,1,186.02,6.94,India
1496,2022-12-25,197,3,1,892.57,138.87,India
1497,2022-04-16,107,5,1,287.72,44.96,India
1498,2022-06-09,159,2,1,881.56,150.89,India
1499,2022-11-28,108,13,1,408.96,69.06,India
1500,2023-12-21,44,9,2,137.15,17.33,India
1501,2023-09-07,147,1,1,421.52,17.04,India
1502,2022-06-24,90,1,2,421.52,83.24,India
1503,2024-02-03,37,9,3,137.15,13.03,India
1504,2024-01-12,178,11,1,186.02,21.99,India
1505,2023-06-05,116,2,4,881.56,16.68,India
1506,2024-06-14,25,21,3,848.37,28.15,India
1507,2022-03-25,183,9,3,137.15,20.12,India
1508,2024-11-11,109,21,2,848.37,132.96,India
1509,2022-12-18,130,25,2,1155.59,91.38,India
1510,2022-08-30,29,19,1,1293.17,139.25,India
1511,2023-02-20,117,10,1,455.13,49.37,India
1512,2023-01-26,49,8,4,1373.73,184.52,India
1513,2024-05-27,163,11,2,186.02,24.37,India
1514,2023-10-20,113,7,1,144.39,19.71,India
1515,2022-05-19,13,5,2,287.72,52.62,India
1516,2024-10-11,195,3,2,892.57,59.97,India
1517,2023-10-19,116,1,4,421.52,14.9,India
1518,2022-10-19,184,7,1,144.39,7.29,India
1519,2023-11-05,84,11,3,186.02,25.64,India
1520,2024-04-17,93,4,2,93.9,6.62,India
1521,2022-09-24,20,18,5,1218.1,68.42,India
1522,2024-02-04,21,10,2,455.13,11.6,India
1523,2022-06-14,170,1,2,421.52,8.91,India
1524,2024-04-19,125,5,4,287.72,3.54,India
1525,2024-06-14,14,4,4,93.9,2.72,India
1526,2023-02-04,56,18,1,1218.1,70.44,India
1527,2024-11-18,110,3,1,892.57,106.14,India
1528,2023-07-14,2,7,3,144.39,28.06,India
1529,2022-09-23,140,11,2,186.02,35.83,India
1530,2024-12-19,68,2,1,881.56,170.42,India
1531,2024-03-06,28,19,1,1293.17,220.01,India
1532,2022-08-19,107,2,4,881.56,19.18,India
1533,2022-04-29,96,11,2,186.02,26.15,India
1534,2022-12-29,90,13,3,408.96,55.08,India
1535,2022-09-06,127,16,4,840.53,163.68,India
1536,2024-08-19,194,16,3,840.53,91.81,India
1537,2022-03-22,157,25,4,1155.59,205.43,India
1538,2022-09-14,127,24,2,362.1,21.6,India
1539,2023-09-19,94,12,2,1060.53,93.22,India
1540,2022-04-04,79,21,2,848.37,153.59,India
1541,2024-12-30,106,15,1,1364.09,196.94,India
1542,2024-09-12,92,20,1,466.94,19.77,India
1543,2023-11-26,13,9,3,137.15,16.56,India
1544,2024-11-04,160,24,2,362.1,32.92,India
1545,2022-12-13,137,20,3,466.94,59.83,India
1546,2022-07-31,108,20,2,466.94,43.58,India
1547,2023-07-28,49,4,2,93.9,4.91,India
1548,2022-01-04,160,16,4,840.53,3.17,India
1549,2022-04-07,53,25,2,1155.59,98.33,India
1550,2024-06-19,169,1,3,421.52,73.28,India
1551,2024-04-29,13,1,3,421.52,82.29,India
1552,2024-07-31,20,24,3,362.1,8.85,India
1553,2022-10-31,110,5,3,287.72,6.72,India
1554,2024-10-24,18,23,5,1250.88,176.59,India
1555,2022-09-04,186,2,4,881.56,20.88,India
1556,2023-12-21,100,12,1,1060.53,60.12,India
1557,2023-09-24,137,22,1,281.27,21.86,India
1558,2024-02-07,98,8,3,1373.73,214.74,India
1559,2022-10-11,107,24,2,362.1,61.95,India
1560,2022-08-31,64,8,2,1373.73,141.26,India
1561,2024-09-17,62,22,5,281.27,37.47,India
1562,2022-02-09,38,4,2,93.9,15.36,India
1563,2022-07-05,25,18,3,1218.1,19.6,India
1564,2023-04-30,82,8,5,1373.73,154.9,India
1565,2022-12-15,21,14,4,1106.6,150.48,India
1566,2022-05-20,79,13,3,408.96,26.83,India
1567,2023-03-11,89,11,1,186.02,5.64,India
1568,2024-02-09,130,5,4,287.72,24.78,India
1569,2022-08-14,42,13,2,408.96,66.34,India
1570,2024-12-01,198,9,4,137.15,8.42,India
1571,2023-09-27,88,13,1,408.96,19.91,India
1572,2024-01-21,193,24,3,362.1,66.68,India
1573,2024-12-14,134,7,4,144.39,14.23,India
1574,2023-07-19,69,10,5,455.13,30.0,India
1575,2024-04-21,97,9,4,137.15,3.97,India
1576,2023-04-28,9,14,5,1106.6,112.01,India
1577,2022-08-21,65,13,3,408.96,78.49,India
1578,2023-11-11,192,5,1,287.72,57.18,India
1579,2023-08-23,21,18,2,1218.1,173.13,India
1580,2024-07-10,184,20,5,466.94,70.6,India
1581,2022-12-23,88,18,1,1218.1,1.69,India
1582,2023-08-03,137,17,5,1187.13,39.28,India
1583,2023-02-23,168,19,3,1293.17,46.65,India
1584,2023-12-13,167,19,4,1293.17,163.07,India
1585,2024-04-24,63,6,3,682.88,39.49,India
1586,2024-08-31,36,24,4,362.1,24.64,India
1587,2024-07-05,29,21,5,848.37,97.04,India
1588,2024-09-15,113,7,1,144.39,23.41,India
1589,2024-07-12,66,8,2,1373.73,130.92,India
1590,2023-10-08,115,18,2,1218.1,2.67,India
1591,2023-12-24,139,6,3,682.88,127.69,India
1592,2024-10-24,8,6,5,682.88,66.88,India
1593,2024-06-25,15,13,2,408.96,4.66,India
1594,2022-05-02,122,23,2,1250.88,53.28,India
1595,2024-07-31,36,24,5,362.1,68.6,India
1596,2022-05-02,89,15,1,1364.09,146.88,India
1597,2022-01-20,89,17,3,1187.13,16.86,India
1598,2024-11-20,183,24,2,362.1,21.84,India
1599,2022-08-26,199,15,2,1364.09,196.55,India
1600,2024-08-12,30,6,4,682.88,101.51,India
1601,2023-03-25,78,20,1,466.94,59.08,India
1602,2022-02-04,38,11,1,186.02,29.01,India
1603,2022-11-14,26,14,2,1106.6,120.06,India
1604,2023-06-12,50,20,5,466.94,63.81,India
1605,2023-12-21,29,3,1,892.57,11.12,India
1606,2024-01-09,36,18,4,1218.1,197.03,India
1607,2022-02-14,123,9,5,137.15,11.34,India
1608,2024-10-08,191,10,2,455.13,33.89,India
1609,2022-09-08,71,5,1,287.72,13.11,India
1610,2024-05-13,122,1,5,421.52,0.52,India
1611,2022-12-31,12,5,1,287.72,37.89,India
1612,2022-07-15,128,20,2,466.94,90.92,India
1613,2022-09-14,183,21,5,848.37,165.83,India
1614,2022-05-25,10,16,1,840.53,98.5,India
1615,2023-06-11,48,15,2,1364.09,154.12,India
1616,2023-12-19,53,21,5,848.37,126.14,India
1617,2022-08-10,92,6,4,682.88,25.79,India
1618,2022-10-21,162,17,2,1187.13,221.68,India
1619,2023-11-06,33,15,3,1364.09,199.05,India
1620,2022-02-21,186,11,2,186.02,37.12,India
1621,2023-11-17,5,13,4,408.96,9.11,India
1622,2022-05-09,24,18,5,1218.1,194.46,India
1623,2024-01-02,96,15,4,1364.09,160.0,India
1624,2022-04-21,15,6,2,682.88,12.63,India
1625,2024-02-21,193,20,4,466.94,30.34,India
1626,2022-05-16,13,11,4,186.02,11.11,India
1627,2024-04-17,62,20,5,466.94,88.78,India
1628,2024-04-02,107,25,2,1155.59,133.99,India
1629,2024-05-10,25,10,4,455.13,86.47,India
1630,2024-01-05,16,15,5,1364.09,241.71,India
1631,2023-01-23,195,21,3,848.37,107.53,India
1632,2023-12-16,72,4,4,93.9,10.12,India
1633,2023-04-08,119,11,3,186.02,8.12,India
1634,2024-10-23,51,17,1,1187.13,168.92,India
1635,2023-07-04,43,15,3,1364.09,103.09,India
1636,2024-06-28,4,8,3,1373.73,133.98,India
1637,2024-09-05,138,12,1,1060.53,173.33,India
1638,2022-08-13,3,11,5,186.02,23.82,India
1639,2023-09-11,152,18,5,1218.1,79.58,India
1640,2023-12-31,62,15,4,1364.09,214.33,India
1641,2023-09-08,47,13,2,408.96,43.83,India
1642,2022-05-27,195,24,3,362.1,69.74,India
1643,2023-03-21,56,3,1,892.57,169.8,India
1644,2023-08-20,37,17,5,1187.13,65.11,India
1645,2024-05-14,140,2,3,881.56,34.95,India
1646,2022-09-04,9,20,4,466.94,6.18,India
1647,2024-08-15,61,3,2,892.57,138.65,India
1648,2024-11-23,92,10,3,455.13,20.29,India
1649,2024-09-07,184,14,5,1106.6,98.32,India
1650,2022-08-08,100,14,2,1106.6,14.56,India
1651,2022-03-19,95,21,3,848.37,8.26,India
1652,2024-05-18,185,11,1,186.02,6.66,India
1653,2023-01-16,44,16,1,840.53,112.57,India
1654,2022-12-12,155,20,2,466.94,69.48,India
1655,2023-06-20,61,9,2,137.15,22.34,India
1656,2024-07-05,66,13,2,408.96,14.54,India
1657,2024-12-02,60,6,1,682.88,113.14,India
1658,2024-11-10,111,9,5,137.15,0.66,India
1659,2022-01-21,37,22,4,281.27,9.55,India
1660,2023-04-17,60,25,2,1155.59,42.72,India
1661,2024-02-26,165,9,5,137.15,1.41,India
1662,2022-11-05,116,14,2,1106.6,156.93,India
1663,2023-12-16,124,13,5,408.96,62.25,India
1664,2023-11-22,20,24,5,362.1,4.64,India
1665,2024-11-27,90,2,3,881.56,16.91,India
1666,2023-11-17,43,14,2,1106.6,47.15,India
1667,2024-04-26,186,15,1,1364.09,204.53,India
1668,2022-05-07,73,23,4,1250.88,13.37,India
1669,2023-01-28,69,5,2,287.72,31.8,India
1670,2023-06-29,122,12,4,1060.53,173.17,India
1671,2024-11-16,196,25,2,1155.59,161.53,India
1672,2022-08-04,32,13,3,408.96,7.05,India
1673,2023-02-02,111,7,2,144.39,24.54,India
1674,2024-06-04,130,11,4,186.02,22.19,India
1675,2022-12-07,120,9,4,137.15,24.78,India
1676,2022-09-28,140,9,5,137.15,4.08,India
1677,2022-10-24,136,7,2,144.39,16.86,India
1678,2023-08-11,22,24,2,362.1,18.36,India
1679,2024-11-17,152,22,3,281.27,29.58,India
1680,2024-05-06,34,2,5,881.56,93.97,India
1681,2024-08-06,101,22,1,281.27,39.22,India
1682,2023-11-18,25,15,1,1364.09,83.42,India
1683,2022-11-29,21,13,2,408.96,25.78,India
1684,2024-04-06,68,20,2,466.94,3.3,India
1685,2023-10-27,104,9,3,137.15,13.47,India
1686,2024-04-26,32,6,1,682.88,7.26,India
1687,2022-06-19,50,14,4,1106.6,36.74,India
1688,2023-11-01,55,11,4,186.02,36.2,India
1689,2024-09-11,118,19,5,1293.17,34.17,India
1690,2023-03-31,74,22,4,281.27,34.89,India
1691,2024-08-23,177,21,5,848.37,154.36,India
1692,2022-02-17,74,16,2,840.53,85.74,India
1693,2024-11-27,64,21,4,848.37,57.09,India
1694,2022-04-11,170,14,1,1106.6,214.84,India
1695,2024-03-29,78,19,3,1293.17,183.02,India
1696,2022-11-05,88,19,3,1293.17,180.84,India
1697,2022-04-01,60,18,5,1218.1,199.24,India
1698,2024-01-02,120,3,1,892.57,157.94,India
1699,2024-03-30,42,14,3,1106.6,8.32,India
1700,2023-08-25,149,16,1,840.53,36.1,India
1701,2022-08-18,71,17,4,1187.13,143.44,India
1702,2023-10-02,169,25,2,1155.59,213.46,India
1703,2023-07-31,76,12,3,1060.53,38.22,India
1704,2022-09-07,24,18,2,1218.1,169.86,India
1705,2024-02-05,82,20,3,466.94,55.24,India
1706,2024-10-15,44,6,3,682.88,55.39,India
1707,2024-06-14,120,17,3,1187.13,186.01,India
1708,2024-03-27,185,17,5,1187.13,158.84,India
1709,2024-09-06,50,21,5,848.37,37.06,India
1710,2023-12-05,138,18,5,1218.1,189.3,India
1711,2024-02-02,4,6,1,682.88,110.92,India
1712,2023-02-16,128,21,4,848.37,33.65,India
1713,2022-10-18,158,2,4,881.56,15.6,India
1714,2023-08-21,139,6,3,682.88,35.62,India
1715,2024-04-01,51,1,1,421.52,15.6,India
1716,2023-01-02,102,13,1,408.96,40.8,India
1717,2022-12-28,74,10,5,455.13,18.23,India
1718,2023-06-15,70,23,1,1250.88,196.38,India
1719,2023-11-17,192,21,4,848.37,146.28,India
1720,2022-10-30,142,15,2,1364.09,178.29,India
1721,2024-10-25,97,13,3,408.96,5.07,India
1722,2023-08-01,157,16,2,840.53,145.58,India
1723,2024-02-02,21,16,4,840.53,35.58,India
1724,2022-03-13,153,4,2,93.9,5.21,India
1725,2023-01-06,100,1,1,421.52,64.47,India
1726,2023-09-10,158,19,3,1293.17,193.47,India
1727,2023-12-05,119,10,4,455.13,18.69,India
1728,2023-03-14,141,24,2,362.1,71.75,India
1729,2022-01-18,48,25,5,1155.59,45.49,India
1730,2023-10-04,33,20,3,466.94,92.48,India
1731,2023-12-20,134,17,3,1187.13,77.07,India
1732,2023-12-13,167,12,1,1060.53,124.37,India
1733,2023-07-06,126,6,1,682.88,73.85,India
1734,2024-11-24,23,14,2,1106.6,135.1,India
1735,2023-10-29,45,21,3,848.37,151.19,India
1736,2022-07-24,81,3,1,892.57,114.73,India
1737,2023-06-15,102,18,4,1218.1,6.54,India
1738,2022-09-27,195,4,4,93.9,18.13,India
1739,2022-02-18,94,19,1,1293.17,179.89,India
1740,2023-11-19,73,20,3,466.94,47.8,India
1741,2022-07-06,50,8,3,1373.73,192.86,India
1742,2023-05-18,94,11,3,186.02,35.51,India
1743,2023-07-01,98,24,4,362.1,70.01,India
1744,2023-01-31,46,1,4,421.52,74.99,India
1745,2023-06-29,193,5,5,287.72,27.43,India
1746,2022-02-18,64,5,3,287.72,1.69,India
1747,2024-12-17,15,20,3,466.94,68.84,India
1748,2023-04-06,200,12,5,1060.53,71.78,India
1749,2024-01-04,68,8,3,1373.73,84.96,India
1750,2022-03-02,109,14,2,1106.6,135.29,India
1751,2022-03-13,166,5,4,287.72,54.57,India
1752,2022-04-07,114,2,5,881.56,104.29,India
1753,2022-10-07,50,6,1,682.88,19.32,India
1754,2022-10-28,95,1,1,421.52,57.9,India
1755,2023-10-29,169,6,3,682.88,83.25,India
1756,2022-01-05,175,1,5,421.52,34.73,India
1757,2023-07-16,189,6,2,682.88,55.53,India
1758,2022-12-19,101,13,2,408.96,9.47,India
1759,2023-01-05,24,12,3,1060.53,164.71,India
1760,2022-03-28,160,1,1,421.52,70.54,India
1761,2022-03-02,163,18,1,1218.1,18.8,India
1762,2023-07-04,129,14,3,1106.6,150.72,India
1763,2024-09-07,142,4,4,93.9,14.6,India
1764,2024-03-20,178,17,4,1187.13,46.98,India
1765,2022-11-24,77,3,2,892.57,74.48,India
1766,2022-03-24,178,9,4,137.15,17.07,India
1767,2023-01-21,130,10,2,455.13,83.02,India
1768,2022-01-30,147,21,2,848.37,167.38,India
1769,2024-12-09,55,25,3,1155.59,40.32,India
1770,2023-05-08,139,10,2,455.13,37.59,India
1771,2022-07-05,114,6,2,682.88,97.59,India
1772,2023-05-07,124,12,1,1060.53,63.7,India
1773,2024-11-25,141,14,3,1106.6,68.83,India
1774,2022-03-31,157,9,3,137.15,20.92,India
1775,2024-06-03,135,21,2,848.37,17.92,India
1776,2023-03-01,61,9,1,137.15,27.29,India
1777,2024-08-16,126,3,3,892.57,45.2,India
1778,2023-08-20,18,1,4,421.52,32.33,India
1779,2023-11-09,8,18,1,1218.1,42.2,India
1780,2022-05-05,35,20,3,466.94,91.25,India
1781,2024-07-09,133,21,3,848.37,164.7,India
1782,2024-05-29,46,18,1,1218.1,238.33,India
1783,2024-11-05,26,6,3,682.88,5.99,India
1784,2022-01-29,29,12,5,1060.53,176.17,India
1785,2024-03-30,193,1,2,421.52,19.18,India
1786,2022-06-22,128,8,3,1373.73,218.52,India
1787,2022-04-18,1,1,2,421.52,73.22,India
1788,2024-02-19,9,19,5,1293.17,237.95,India
1789,2023-09-01,197,23,5,1250.88,157.5,India
1790,2022-09-27,144,7,5,144.39,17.82,India
1791,2022-07-06,59,3,4,892.57,48.93,India
1792,2024-06-08,190,22,4,281.27,11.01,India
1793,2022-01-17,196,24,1,362.1,34.49,India
1794,2022-09-01,90,9,5,137.15,11.28,India
1795,2024-09-18,60,7,4,144.39,25.39,India
1796,2022-09-12,40,25,4,1155.59,109.88,India
1797,2022-04-01,175,25,4,1155.59,177.66,India
1798,2024-12-11,118,24,5,362.1,69.5,India
1799,2024-06-13,200,5,1,287.72,38.15,India
1800,2022-03-18,153,19,5,1293.17,246.66,India
1801,2022-11-26,163,6,2,682.88,0.24,India
1802,2023-08-29,152,9,2,137.15,15.3,India
1803,2023-05-15,72,13,3,408.96,75.73,India
1804,2024-02-26,190,7,3,144.39,20.83,India
1805,2024-07-24,23,15,1,1364.09,41.15,India
1806,2023-06-17,109,7,1,144.39,11.47,India
1807,2023-10-21,153,22,2,281.27,52.13,India
1808,2024-10-15,164,4,5,93.9,11.55,India
1809,2024-01-14,89,5,4,287.72,35.83,India
1810,2022-08-02,41,15,3,1364.09,44.27,India
1811,2022-09-09,116,11,1,186.02,0.34,India
1812,2024-09-21,58,21,4,848.37,2.39,India
1813,2022-08-01,104,1,3,421.52,50.75,India
1814,2022-11-25,99,14,4,1106.6,219.55,India
1815,2024-07-09,68,2,4,881.56,142.17,India
1816,2023-12-29,59,6,5,682.88,118.9,India
1817,2024-11-25,182,7,2,144.39,16.02,India
1818,2024-08-13,132,10,5,455.13,36.25,India
1819,2022-09-17,112,19,1,1293.17,116.39,India
1820,2023-07-22,3,16,3,840.53,25.97,India
1821,2022-06-30,146,15,1,1364.09,183.18,India
1822,2023-10-31,68,23,2,1250.88,13.57,India
1823,2024-04-02,19,20,4,466.94,73.65,India
1824,2022-08-24,164,18,5,1218.1,137.43,India
1825,2023-08-28,72,3,5,892.57,79.45,India
1826,2024-04-06,109,2,4,881.56,4.27,India
1827,2022-12-27,77,18,1,1218.1,242.37,India
1828,2024-08-06,104,7,2,144.39,13.13,India
1829,2024-12-22,51,25,1,1155.59,182.03,India
1830,2022-08-10,196,11,4,186.02,31.96,India
1831,2024-09-03,7,3,1,892.57,22.36,India
1832,2022-12-15,56,21,3,848.37,89.45,India
1833,2024-12-04,161,2,2,881.56,171.33,India
1834,2023-09-05,179,11,3,186.02,11.49,India
1835,2022-06-21,53,23,3,1250.88,56.0,India
1836,2023-08-01,50,18,5,1218.1,234.33,India
1837,2022-11-25,75,17,1,1187.13,160.72,India
1838,2022-11-23,148,22,1,281.27,15.99,India
1839,2023-02-02,117,21,4,848.37,73.43,India
1840,2023-08-24,125,17,5,1187.13,222.33,India
1841,2024-10-17,162,14,5,1106.6,10.52,India
1842,2024-01-18,125,13,5,408.96,7.85,India
1843,2023-10-18,183,19,4,1293.17,203.7,India
1844,2022-09-28,132,5,3,287.72,36.28,India
1845,2023-10-24,135,3,1,892.57,177.64,India
1846,2022-10-22,185,17,4,1187.13,97.74,India
1847,2024-06-28,129,25,3,1155.59,122.63,India
1848,2023-07-19,140,19,2,1293.17,128.38,India
1849,2022-12-08,183,15,2,1364.09,229.41,India
1850,2022-03-10,9,4,3,93.9,17.17,India
1851,2022-03-02,49,15,2,1364.09,188.03,India
1852,2024-11-25,92,16,1,840.53,85.46,India
1853,2024-05-02,65,24,4,362.1,53.21,India
1854,2022-06-09,153,22,1,281.27,19.98,India
1855,2023-04-11,66,7,5,144.39,6.83,India
1856,2023-06-08,96,3,5,892.57,109.88,India
1857,2024-09-17,19,20,4,466.94,92.38,India
1858,2022-02-18,123,22,5,281.27,29.64,India
1859,2022-01-29,136,7,1,144.39,22.58,India
1860,2024-04-11,129,1,5,421.52,47.91,India
1861,2023-11-08,46,21,3,848.37,99.83,India
1862,2022-12-22,6,15,4,1364.09,45.04,India
1863,2022-10-05,1,12,3,1060.53,19.23,India
1864,2024-12-04,51,14,3,1106.6,121.21,India
1865,2023-01-01,158,15,3,1364.09,66.82,India
1866,2024-09-09,110,20,3,466.94,65.91,India
1867,2023-08-03,173,14,4,1106.6,123.74,India
1868,2022-06-15,49,7,4,144.39,21.86,India
1869,2022-05-14,184,24,4,362.1,19.48,India
1870,2023-04-19,200,1,2,421.52,63.7,India
1871,2022-06-21,89,6,2,682.88,110.32,India
1872,2024-09-07,159,25,4,1155.59,49.0,India
1873,2024-03-28,166,14,2,1106.6,142.98,India
1874,2024-06-20,130,14,3,1106.6,115.11,India
1875,2023-10-09,139,23,5,1250.88,123.85,India
1876,2022-11-05,107,18,5,1218.1,3.73,India
1877,2023-02-23,5,25,2,1155.59,51.63,India
1878,2024-12-21,103,3,5,892.57,0.67,India
1879,2022-12-15,97,20,4,466.94,45.51,India
1880,2023-09-14,79,12,2,1060.53,163.32,India
1881,2023-12-27,134,1,3,421.52,62.18,India
1882,2023-09-14,155,19,4,1293.17,8.12,India
1883,2022-12-09,177,18,4,1218.1,110.33,India
1884,2024-02-28,106,9,4,137.15,25.64,India
1885,2024-06-01,122,10,5,455.13,74.35,India
1886,2022-05-08,94,15,2,1364.09,105.51,India
1887,2022-01-11,166,20,2,466.94,71.94,India
1888,2023-01-17,93,18,2,1218.1,155.16,India
1889,2022-12-06,55,7,2,144.39,25.29,India
1890,2022-07-10,83,5,4,287.72,35.73,India
1891,2024-02-05,64,16,2,840.53,63.98,India
1892,2022-12-31,16,6,3,682.88,17.32,India
1893,2024-04-30,123,18,1,1218.1,188.26,India
1894,2023-06-17,108,8,5,1373.73,194.73,India
1895,2022-05-28,187,6,2,682.88,22.2,India
1896,2022-02-26,20,12,5,1060.53,84.42,India
1897,2023-07-17,15,23,4,1250.88,197.45,India
1898,2023-12-11,133,18,4,1218.1,115.52,India
1899,2024-05-17,135,4,3,93.9,16.73,India
1900,2024-03-14,165,1,4,421.52,58.07,India
1901,2022-07-02,103,9,5,137.15,13.77,India
1902,2022-05-24,156,2,2,881.56,119.9,India
1903,2024-08-27,117,8,3,1373.73,77.54,India
1904,2024-04-04,119,16,3,840.53,122.47,India
1905,2024-08-26,50,7,3,144.39,5.0,India
1906,2022-02-05,135,4,2,93.9,2.84,India
1907,2024-10-28,177,22,2,281.27,47.21,India
1908,2022-11-10,160,13,1,408.96,26.72,India
1909,2022-01-15,120,7,3,144.39,5.23,India
1910,2024-11-03,181,4,1,93.9,17.83,India
1911,2024-05-24,19,6,4,682.88,38.8,India
1912,2023-04-08,45,20,3,466.94,78.89,India
1913,2024-04-12,96,24,3,362.1,58.7,India
1914,2022-08-29,129,21,3,848.37,137.6,India
1915,2022-05-23,25,6,2,682.88,4.6,India
1916,2023-03-27,198,23,2,1250.88,145.71,India
1917,2022-05-16,136,4,4,93.9,13.67,India
1918,2023-06-02,50,15,3,1364.09,191.75,India
1919,2023-06-28,54,2,5,881.56,68.37,India
1920,2023-09-21,147,23,4,1250.88,110.71,India
1921,2022-10-02,68,10,5,455.13,45.37,India
1922,2024-12-10,163,16,4,840.53,48.62,India
1923,2023-07-05,54,13,2,408.96,8.66,India
1924,2023-02-27,64,17,2,1187.13,90.33,India
1925,2024-07-03,27,13,5,408.96,17.6,India
1926,2024-02-11,46,10,3,455.13,46.33,India
1927,2023-08-03,92,1,5,421.52,58.11,India
1928,2023-06-15,104,4,5,93.9,13.89,India
1929,2022-04-05,182,21,4,848.37,7.61,India
1930,2024-11-10,91,18,2,1218.1,216.17,India
1931,2023-10-30,7,8,1,1373.73,34.82,India
1932,2024-01-31,29,1,1,421.52,43.87,India
1933,2023-11-23,128,7,5,144.39,14.32,India
1934,2022-12-25,162,10,3,455.13,29.0,India
1935,2023-09-29,48,6,5,682.88,34.28,India
1936,2024-12-25,19,4,4,93.9,15.9,India
1937,2022-07-25,96,4,5,93.9,3.12,India
1938,2022-05-11,89,23,3,1250.88,2.89,India
1939,2023-11-06,62,12,3,1060.53,73.08,India
1940,2024-02-26,90,1,4,421.52,57.05,India
1941,2023-12-28,189,21,3,848.37,84.23,India
1942,2024-06-05,153,8,5,1373.73,202.88,India
1943,2022-08-27,3,21,2,848.37,18.08,India
1944,2022-08-16,120,1,1,421.52,12.1,India
1945,2024-01-10,42,25,2,1155.59,23.12,India
1946,2022-11-05,75,2,5,881.56,26.62,India
1947,2022-12-29,133,16,2,840.53,90.34,India
1948,2023-04-01,15,24,4,362.1,44.03,India
1949,2024-02-15,115,24,5,362.1,15.01,India
1950,2024-01-31,155,8,4,1373.73,261.15,India
1951,2022-05-10,23,6,5,682.88,70.29,India
1952,2024-02-10,130,15,1,1364.09,94.1,India
1953,2022-12-24,111,13,2,408.96,43.3,India
1954,2024-08-09,15,16,5,840.53,59.62,India
1955,2023-02-09,9,2,5,881.56,106.2,India
1956,2023-01-09,74,25,3,1155.59,229.37,India
1957,2024-12-26,18,19,1,1293.17,247.41,India
1958,2022-05-10,32,7,4,144.39,1.17,India
1959,2023-08-29,194,25,4,1155.59,162.42,India
1960,2024-12-31,177,19,4,1293.17,64.25,India
1961,2023-09-12,8,14,3,1106.6,21.6,India
1962,2022-01-22,113,7,1,144.39,27.14,India
1963,2024-12-04,143,19,3,1293.17,217.22,India
1964,2023-12-23,181,10,2,455.13,11.23,India
1965,2023-06-02,94,3,5,892.57,22.34,India
1966,2022-09-03,41,22,2,281.27,13.9,India
1967,2022-10-06,170,1,2,421.52,37.34,India
1968,2024-01-20,52,22,4,281.27,30.43,India
1969,2022-12-22,134,20,3,466.94,35.43,India
1970,2024-01-28,130,6,3,682.88,114.51,India
1971,2022-09-03,126,15,2,1364.09,16.96,India
1972,2023-08-13,44,23,5,1250.88,30.26,India
1973,2023-08-05,125,20,3,466.94,46.81,India
1974,2024-10-19,182,14,4,1106.6,25.01,India
1975,2024-02-18,68,22,3,281.27,9.06,India
1976,2022-07-29,22,23,2,1250.88,171.95,India
1977,2024-08-12,180,4,2,93.9,2.73,India
1978,2022-11-26,52,14,2,1106.6,198.14,India
1979,2024-04-25,125,2,5,881.56,30.36,India
1980,2022-06-13,1,24,1,362.1,48.26,India
1981,2024-05-12,117,21,3,848.37,19.2,India
1982,2023-07-16,3,21,1,848.37,35.4,India
1983,2024-11-21,83,21,4,848.37,1.51,India
1984,2024-04-27,65,20,1,466.94,66.28,India
1985,2024-07-22,104,20,5,466.94,10.67,India
1986,2024-05-27,39,10,3,455.13,14.53,India
1987,2022-02-01,52,9,3,137.15,23.41,India
1988,2024-05-13,68,7,2,144.39,19.02,India
1989,2023-11-13,126,21,1,848.37,65.08,India
1990,2022-05-12,15,6,1,682.88,47.97,India
1991,2023-10-08,51,22,2,281.27,28.35,India
1992,2022-07-07,144,24,5,362.1,66.21,India
1993,2024-08-02,171,25,3,1155.59,186.42,India
1994,2024-07-15,119,19,4,1293.17,60.94,India
1995,2023-08-18,180,18,2,1218.1,239.45,India
1996,2022-11-17,30,9,1,137.15,11.1,India
1997,2022-07-04,62,11,1,186.02,15.36,India
1998,2024-11-07,198,19,3,1293.17,24.91,India
1999,2022-05-16,5,13,4,408.96,35.24,India
2000,2022-04-28,36,16,1,840.53,119.85,India
2001,2024-03-16,159,14,2,1106.6,57.3,India
2002,2022-10-21,78,13,5,408.96,40.33,India
2003,2023-03-06,139,15,4,1364.09,261.16,India
2004,2022-01-31,52,6,1,682.88,63.47,India
2005,2023-10-31,116,13,1,408.96,81.0,India
2006,2023-05-30,196,10,4,455.13,64.41,India
2007,2023-10-16,51,3,5,892.57,117.83,India
2008,2024-03-10,135,5,2,287.72,8.84,India
2009,2022-08-20,97,13,3,408.96,55.2,India
2010,2023-05-13,10,1,2,421.52,44.06,India
2011,2022-01-22,80,16,4,840.53,103.58,India
2012,2022-09-17,165,7,4,144.39,9.96,India
2013,2022-09-22,107,19,2,1293.17,176.1,India
2014,2023-07-09,3,8,4,1373.73,111.53,India
2015,2024-09-14,95,11,2,186.02,21.22,India
2016,2023-11-04,197,19,4,1293.17,231.2,India
2017,2022-05-21,116,14,2,1106.6,158.26,India
2018,2023-08-08,61,2,4,881.56,146.6,India
2019,2023-02-09,45,4,4,93.9,3.13,India
2020,2024-10-18,121,23,2,1250.88,175.36,India
2021,2023-06-17,68,13,2,408.96,59.12,India
2022,2023-02-12,192,8,3,1373.73,121.0,India
2023,2023-01-23,189,15,2,1364.09,250.91,India
2024,2022-05-14,191,23,2,1250.88,212.54,India
2025,2023-09-20,177,14,1,1106.6,39.46,India
2026,2023-05-06,121,7,3,144.39,3.94,India
2027,2024-12-08,179,6,5,682.88,26.81,India
2028,2022-12-29,182,4,5,93.9,11.95,India
2029,2022-04-17,20,18,5,1218.1,107.94,India
2030,2022-10-07,175,15,1,1364.09,269.69,India
2031,2024-10-14,200,24,4,362.1,20.33,India
2032,2024-04-29,102,7,3,144.39,22.99,India
2033,2022-02-02,28,19,2,1293.17,109.32,India
2034,2024-10-26,14,9,1,137.15,0.95,India
2035,2022-03-27,109,19,2,1293.17,188.04,India
2036,2022-09-18,49,11,4,186.02,8.44,India
2037,2022-08-31,173,10,2,455.13,7.33,India
2038,2024-10-16,14,9,5,137.15,0.18,India
2039,2023-10-10,32,10,3,455.13,76.83,India
2040,2024-02-14,178,18,2,1218.1,119.86,India
2041,2023-12-15,97,23,3,1250.88,182.05,India
2042,2022-11-30,48,16,2,840.53,142.06,India
2043,2024-05-24,47,23,2,1250.88,88.84,India
2044,2022-02-07,137,6,2,682.88,39.08,India
2045,2022-11-16,49,25,5,1155.59,148.67,India
2046,2023-11-16,160,8,2,1373.73,167.08,India
2047,2024-06-02,180,2,1,881.56,60.36,India
2048,2024-06-18,190,18,1,1218.1,111.14,India
2049,2023-05-09,199,20,4,466.94,3.53,India
2050,2022-02-21,77,21,4,848.37,18.15,India
2051,2022-08-26,97,16,4,840.53,130.54,India
2052,2023-02-22,151,1,1,421.52,4.0,India
2053,2024-06-16,82,1,4,421.52,82.45,India
2054,2024-03-20,27,2,4,881.56,46.76,India
2055,2022-10-17,142,16,3,840.53,113.15,India
2056,2022-07-17,94,11,5,186.02,17.5,India
2057,2023-02-18,67,2,4,881.56,86.46,India
2058,2024-08-19,17,18,1,1218.1,72.15,India
2059,2022-11-22,77,2,1,881.56,9.71,India
2060,2024-05-14,82,4,3,93.9,10.93,India
2061,2023-03-15,14,5,4,287.72,55.29,India
2062,2022-07-10,1,17,5,1187.13,39.17,India
2063,2023-12-14,122,21,1,848.37,133.83,India
2064,2023-11-19,87,4,4,93.9,10.4,India
2065,2024-09-07,29,19,3,1293.17,142.41,India
2066,2024-03-21,118,18,1,1218.1,205.14,India
2067,2023-01-22,32,19,3,1293.17,142.3,India
2068,2023-10-18,110,12,3,1060.53,158.66,India
2069,2022-08-20,183,2,5,881.56,32.51,India
2070,2023-06-01,82,10,3,455.13,42.22,India
2071,2022-02-12,9,9,2,137.15,10.81,India
2072,2022-06-27,122,10,3,455.13,20.58,India
2073,2022-03-10,70,1,2,421.52,33.91,India
2074,2022-12-12,62,16,3,840.53,20.53,India
2075,2023-12-26,24,13,4,408.96,71.82,India
2076,2022-10-07,41,9,1,137.15,21.08,India
2077,2022-11-01,188,24,2,362.1,65.09,India
2078,2024-09-11,54,5,5,287.72,24.2,India
2079,2022-06-04,5,1,3,421.52,27.53,India
2080,2023-08-23,97,11,1,186.02,9.36,India
2081,2024-01-25,145,13,3,408.96,55.75,India
2082,2024-10-17,99,22,5,281.27,10.43,India
2083,2022-04-17,57,10,2,455.13,73.49,India
2084,2022-02-06,65,21,1,848.37,11.54,India
2085,2022-01-24,60,15,4,1364.09,67.13,India
2086,2023-11-15,148,17,1,1187.13,229.08,India
2087,2024-04-07,49,23,5,1250.88,67.8,India
2088,2024-05-17,117,17,5,1187.13,129.79,India
2089,2022-11-29,65,17,5,1187.13,186.91,India
2090,2023-04-21,66,15,4,1364.09,0.53,India
2091,2024-03-01,190,25,4,1155.59,0.76,India
2092,2023-11-07,187,9,3,137.15,20.2,India
2093,2023-09-26,13,7,2,144.39,10.95,India
2094,2023-05-30,142,3,4,892.57,130.11,India
2095,2023-11-04,40,24,5,362.1,9.18,India
2096,2024-02-29,48,4,2,93.9,3.04,India
2097,2024-01-02,71,6,2,682.88,90.15,India
2098,2022-06-06,191,2,2,881.56,3.19,India
2099,2022-12-14,108,20,3,466.94,25.29,India
2100,2022-07-28,136,19,2,1293.17,145.79,India
2101,2022-06-17,31,14,3,1106.6,36.93,India
2102,2022-09-30,160,13,3,408.96,50.68,India
2103,2023-12-24,31,22,4,281.27,5.04,India
2104,2024-01-22,49,5,5,287.72,33.55,India
2105,2024-04-02,112,5,2,287.72,56.49,India
2106,2023-03-02,27,14,1,1106.6,92.33,India
2107,2024-12-03,181,16,2,840.53,125.4,India
2108,2022-10-23,141,5,3,287.72,11.17,India
2109,2022-06-14,31,9,1,137.15,24.72,India
2110,2024-11-11,93,23,5,1250.88,108.54,India
2111,2022-09-13,88,25,3,1155.59,116.77,India
2112,2022-03-05,22,10,2,455.13,25.41,India
2113,2023-12-05,135,25,5,1155.59,128.54,India
2114,2022-05-30,78,23,2,1250.88,91.95,India
2115,2023-03-14,21,13,5,408.96,44.65,India
2116,2024-10-07,13,16,3,840.53,125.42,India
2117,2022-02-26,104,9,4,137.15,1.81,India
2118,2022-07-04,142,3,3,892.57,112.51,India
2119,2022-02-07,105,17,4,1187.13,30.46,India
2120,2024-09-10,9,15,5,1364.09,116.44,India
2121,2022-01-27,1,2,4,881.56,58.84,India
2122,2024-07-15,188,10,3,455.13,51.54,India
2123,2024-08-26,149,11,4,186.02,17.37,India
2124,2023-12-21,17,14,2,1106.6,214.6,India
2125,2023-07-09,80,14,4,1106.6,73.46,India
2126,2022-08-06,15,9,3,137.15,1.9,India
2127,2024-12-09,22,13,1,408.96,8.74,India
2128,2024-01-21,71,4,5,93.9,9.75,India
2129,2024-05-24,91,12,5,1060.53,172.92,India
2130,2023-03-29,113,24,4,362.1,26.95,India
2131,2023-10-11,52,21,1,848.37,70.47,India
2132,2023-11-08,93,2,1,881.56,147.96,India
2133,2023-03-06,169,8,3,1373.73,55.05,India
2134,2023-07-23,173,22,5,281.27,43.87,India
2135,2022-06-09,116,18,4,1218.1,88.7,India
2136,2023-01-23,53,24,2,362.1,34.99,India
2137,2022-11-13,159,11,3,186.02,10.99,India
2138,2022-10-11,18,5,1,287.72,2.66,India
2139,2022-11-02,96,10,5,455.13,45.15,India
2140,2024-08-10,15,3,2,892.57,141.74,India
2141,2022-10-22,49,6,5,682.88,49.37,India
2142,2023-03-21,157,16,3,840.53,88.85,India
2143,2024-09-12,197,8,2,1373.73,157.17,India
2144,2022-04-11,69,5,2,287.72,35.42,India
2145,2022-01-27,65,6,1,682.88,124.13,India
2146,2024-11-23,83,2,4,881.56,106.42,India
2147,2022-04-15,14,17,1,1187.13,233.76,India
2148,2023-11-02,178,24,2,362.1,54.69,India
2149,2024-08-18,107,10,2,455.13,16.75,India
2150,2024-10-14,44,22,2,281.27,14.98,India
2151,2024-09-21,138,20,1,466.94,79.27,India
2152,2023-12-12,81,11,5,186.02,1.18,India
2153,2023-09-27,65,18,2,1218.1,52.13,India
2154,2023-11-24,152,2,5,881.56,29.97,India
2155,2024-02-21,150,1,2,421.52,67.44,India
2156,2023-10-28,48,24,4,362.1,35.68,India
2157,2024-12-28,82,8,5,1373.73,237.55,India
2158,2024-03-05,15,9,4,137.15,26.04,India
2159,2024-05-09,48,18,5,1218.1,107.24,India
2160,2022-07-16,52,7,1,144.39,9.69,India
2161,2022-11-17,80,6,3,682.88,24.53,India
2162,2023-11-07,152,13,2,408.96,16.22,India
2163,2022-10-02,158,6,4,682.88,124.06,India
2164,2022-12-19,164,1,5,421.52,1.14,India
2165,2022-12-27,165,11,4,186.02,18.97,India
2166,2024-02-28,125,13,3,408.96,2.35,India
2167,2023-01-18,28,2,4,881.56,44.23,India
2168,2022-09-09,155,4,2,93.9,6.49,India
2169,2022-07-17,169,10,2,455.13,51.04,India
2170,2024-08-07,187,5,5,287.72,15.18,India
2171,2023-05-21,8,7,2,144.39,7.37,India
2172,2023-07-04,139,13,2,408.96,57.09,India
2173,2024-03-24,156,14,1,1106.6,114.85,India
2174,2022-07-16,132,1,1,421.52,26.89,India
2175,2022-12-16,139,3,4,892.57,4.41,India
2176,2022-12-29,173,21,2,848.37,33.96,India
2177,2023-04-20,200,24,2,362.1,2.97,India
2178,2024-10-13,97,18,3,1218.1,14.75,India
2179,2022-07-05,1,10,2,455.13,87.94,India
2180,2023-08-19,193,4,1,93.9,9.0,India
2181,2023-03-27,60,7,2,144.39,25.28,India
2182,2023-06-22,173,18,5,1218.1,148.16,India
2183,2024-07-26,34,10,1,455.13,64.18,India
2184,2023-04-19,169,21,5,848.37,58.01,India
2185,2022-10-06,94,6,5,682.88,111.57,India
2186,2022-11-24,34,24,1,362.1,13.07,India
2187,2022-12-22,70,7,5,144.39,26.38,India
2188,2024-08-20,53,12,1,1060.53,123.68,India
2189,2022-06-10,130,22,5,281.27,24.4,India
2190,2024-05-26,6,21,1,848.37,121.83,India
2191,2024-03-27,75,23,2,1250.88,152.63,India
2192,2024-01-21,15,10,5,455.13,41.28,India
2193,2024-12-10,55,3,3,892.57,99.81,India
2194,2022-06-12,157,23,1,1250.88,226.8,India
2195,2022-09-08,62,23,1,1250.88,234.72,India
2196,2024-08-05,31,8,4,1373.73,59.84,India
2197,2024-07-16,103,13,2,408.96,20.0,India
2198,2024-09-28,158,23,5,1250.88,237.72,India
2199,2024-06-01,181,25,5,1155.59,180.71,India
2200,2022-07-05,150,21,1,848.37,103.41,India
2201,2024-07-19,140,19,1,1293.17,50.53,India
2202,2023-12-16,165,22,2,281.27,46.15,India
2203,2023-08-05,88,20,5,466.94,55.26,India
2204,2022-07-07,68,7,2,144.39,2.11,India
2205,2024-04-21,59,24,1,362.1,66.63,India
2206,2022-10-18,39,9,5,137.15,11.79,India
2207,2023-06-02,84,25,5,1155.59,149.51,India
2208,2024-07-05,149,22,5,281.27,21.55,India
2209,2024-01-17,155,12,1,1060.53,68.62,India
2210,2023-07-10,167,7,2,144.39,13.91,India
2211,2024-06-30,111,15,1,1364.09,211.44,India
2212,2022-09-06,39,14,3,1106.6,106.88,India
2213,2022-03-31,64,24,3,362.1,26.59,India
2214,2024-02-22,112,8,3,1373.73,75.76,India
2215,2024-08-23,36,4,4,93.9,5.62,India
2216,2024-11-01,68,8,1,1373.73,270.69,India
2217,2022-05-28,70,25,3,1155.59,4.65,India
2218,2022-03-04,158,3,3,892.57,161.65,India
2219,2022-01-08,10,18,2,1218.1,170.75,India
2220,2023-12-12,107,14,5,1106.6,8.21,India
2221,2024-04-02,25,13,3,408.96,36.93,India
2222,2023-01-24,181,17,5,1187.13,159.16,India
2223,2022-05-06,119,17,3,1187.13,68.3,India
2224,2022-01-22,48,16,1,840.53,116.26,India
2225,2023-07-03,52,5,2,287.72,36.56,India
2226,2022-11-19,198,4,3,93.9,2.78,India
2227,2024-03-06,86,21,2,848.37,89.51,India
2228,2023-04-15,117,8,4,1373.73,43.74,India
2229,2023-08-11,129,21,4,848.37,162.62,India
2230,2023-12-29,162,21,1,848.37,80.56,India
2231,2023-12-23,82,25,2,1155.59,56.73,India
2232,2022-06-07,109,19,2,1293.17,129.82,India
2233,2024-02-17,169,22,2,281.27,46.23,India
2234,2022-01-08,185,25,3,1155.59,186.78,India
2235,2023-11-16,55,20,4,466.94,81.63,India
2236,2022-07-02,36,19,2,1293.17,204.74,India
2237,2022-10-13,113,11,5,186.02,16.42,India
2238,2022-10-02,43,8,1,1373.73,6.98,India
2239,2023-11-07,12,1,2,421.52,22.62,India
2240,2024-11-02,32,22,1,281.27,27.41,India
2241,2022-06-04,164,17,1,1187.13,207.4,India
2242,2022-07-12,48,6,5,682.88,23.7,India
2243,2023-06-27,81,7,2,144.39,16.29,India
2244,2024-07-11,139,14,2,1106.6,27.04,India
2245,2022-08-29,40,25,4,1155.59,46.38,India
2246,2022-06-11,82,24,3,362.1,57.84,India
2247,2022-05-19,13,23,5,1250.88,160.54,India
2248,2023-07-23,200,2,4,881.56,89.37,India
2249,2023-05-31,11,11,4,186.02,20.49,India
2250,2024-06-29,83,24,3,362.1,50.55,India
2251,2024-10-17,36,16,1,840.53,63.06,India
2252,2022-11-13,89,16,5,840.53,76.78,India
2253,2024-02-25,69,23,5,1250.88,231.41,India
2254,2022-03-06,73,24,1,362.1,21.4,India
2255,2024-03-23,126,6,5,682.88,1.8,India
2256,2022-02-07,36,4,4,93.9,14.09,India
2257,2022-04-21,74,21,5,848.37,42.85,India
2258,2023-07-08,105,17,2,1187.13,160.13,India
2259,2022-12-25,115,15,5,1364.09,217.01,India
2260,2024-05-30,100,25,1,1155.59,158.62,India
2261,2022-07-23,82,12,5,1060.53,60.92,India
2262,2022-07-28,74,3,2,892.57,82.13,India
2263,2022-12-05,27,10,3,455.13,26.71,India
2264,2024-04-17,136,1,2,421.52,59.37,India
2265,2023-01-01,40,9,5,137.15,2.8,India
2266,2024-10-23,86,19,1,1293.17,76.02,India
2267,2023-09-30,195,12,5,1060.53,124.77,India
2268,2024-02-27,154,8,4,1373.73,226.41,India
2269,2022-11-14,46,21,5,848.37,167.76,India
2270,2022-01-07,120,7,3,144.39,28.21,India
2271,2022-11-24,16,16,2,840.53,56.37,India
2272,2022-05-23,71,10,2,455.13,80.82,India
2273,2024-12-24,128,22,5,281.27,29.95,India
2274,2023-08-10,199,18,4,1218.1,6.98,India
2275,2022-01-30,78,5,4,287.72,39.31,India
2276,2024-10-15,69,10,3,455.13,75.39,India
2277,2024-11-06,98,13,1,408.96,14.51,India
2278,2023-12-13,75,17,1,1187.13,214.55,India
2279,2024-11-27,119,10,4,455.13,62.92,India
2280,2022-04-16,19,12,1,1060.53,12.34,India
2281,2024-07-05,197,21,1,848.37,54.05,India
2282,2023-04-27,77,8,3,1373.73,244.36,India
2283,2024-02-08,129,19,1,1293.17,176.78,India
2284,2024-11-08,66,17,3,1187.13,38.49,India
2285,2024-01-21,53,8,1,1373.73,163.02,India
2286,2023-09-12,190,8,3,1373.73,125.89,India
2287,2024-10-06,120,1,4,421.52,13.42,India
2288,2022-03-10,178,20,5,466.94,11.47,India
2289,2022-07-05,110,19,1,1293.17,190.36,India
2290,2023-11-05,39,13,1,408.96,79.53,India
2291,2023-04-16,23,16,3,840.53,137.47,India
2292,2024-10-24,7,19,2,1293.17,190.83,India
2293,2023-12-25,196,5,1,287.72,1.8,India
2294,2022-11-19,160,19,2,1293.17,15.11,India
2295,2023-08-15,105,19,4,1293.17,164.66,India
2296,2024-03-23,116,11,1,186.02,18.26,India
2297,2022-01-04,186,4,5,93.9,17.55,India
2298,2022-03-08,192,19,2,1293.17,72.0,India
2299,2023-07-28,111,7,5,144.39,20.48,India
2300,2022-11-07,143,15,3,1364.09,267.59,India
2301,2022-05-07,128,17,1,1187.13,235.06,India
2302,2024-05-13,4,17,3,1187.13,171.92,India
2303,2022-03-13,154,16,4,840.53,101.09,India
2304,2024-07-10,137,11,3,186.02,14.85,India
2305,2024-06-28,37,14,1,1106.6,33.89,India
2306,2022-09-29,70,12,5,1060.53,149.55,India
2307,2024-10-05,146,12,3,1060.53,22.11,India
2308,2022-09-10,178,21,2,848.37,164.43,India
2309,2023-09-19,172,10,1,455.13,19.71,India
2310,2023-01-14,5,19,3,1293.17,205.32,India
2311,2023-02-13,171,5,1,287.72,36.31,India
2312,2024-11-30,76,11,5,186.02,26.31,India
2313,2023-08-13,52,6,5,682.88,114.91,India
2314,2024-06-01,175,11,5,186.02,28.35,India
2315,2023-04-24,187,16,5,840.53,33.51,India
2316,2022-03-12,175,23,2,1250.88,103.23,India
2317,2024-10-25,29,15,2,1364.09,247.49,India
2318,2022-12-08,149,7,5,144.39,27.79,India
2319,2023-11-09,11,24,4,362.1,23.87,India
2320,2024-04-16,27,24,2,362.1,16.76,India
2321,2023-12-29,63,18,1,1218.1,198.12,India
2322,2023-04-24,132,7,5,144.39,28.87,India
2323,2024-08-27,111,21,2,848.37,105.86,India
2324,2022-09-24,147,15,4,1364.09,154.5,India
2325,2024-07-06,77,15,2,1364.09,99.18,India
2326,2022-01-04,38,20,2,466.94,90.06,India
2327,2022-01-31,42,25,2,1155.59,142.69,India
2328,2023-12-30,35,15,5,1364.09,255.81,India
2329,2024-04-23,138,11,5,186.02,10.97,India
2330,2024-03-23,49,1,5,421.52,8.7,India
2331,2022-04-15,142,13,1,408.96,71.87,India
2332,2024-01-28,56,13,4,408.96,62.46,India
2333,2022-05-07,163,20,2,466.94,70.6,India
2334,2022-07-09,23,17,5,1187.13,78.16,India
2335,2023-10-20,61,4,2,93.9,13.9,India
2336,2022-02-22,195,6,1,682.88,114.17,India
2337,2022-09-11,88,12,1,1060.53,31.25,India
2338,2024-03-04,126,7,4,144.39,10.33,India
2339,2022-01-07,21,24,5,362.1,33.41,India
2340,2022-08-22,183,24,5,362.1,24.78,India
2341,2024-07-17,132,18,1,1218.1,68.01,India
2342,2024-12-03,48,20,1,466.94,14.73,India
2343,2024-07-30,57,7,5,144.39,26.93,India
2344,2024-12-19,44,3,4,892.57,167.88,India
2345,2022-07-12,57,21,1,848.37,76.83,India
2346,2024-06-27,54,6,5,682.88,119.29,India
2347,2022-11-30,19,14,4,1106.6,181.46,India
2348,2023-05-11,111,11,4,186.02,26.55,India
2349,2022-08-31,92,15,4,1364.09,151.25,India
2350,2022-10-14,189,23,2,1250.88,78.59,India
2351,2023-12-06,28,10,2,455.13,4.49,India
2352,2022-07-04,90,1,2,421.52,20.61,India
2353,2023-03-22,198,14,1,1106.6,81.09,India
2354,2022-12-22,80,15,5,1364.09,196.61,India
2355,2022-04-03,152,17,2,1187.13,149.62,India
2356,2022-07-31,25,3,2,892.57,95.45,India
2357,2023-09-14,106,4,3,93.9,8.76,India
2358,2023-01-02,184,13,5,408.96,35.56,India
2359,2023-08-30,110,18,5,1218.1,171.75,India
2360,2022-07-01,176,20,4,466.94,23.26,India
2361,2023-07-12,84,17,1,1187.13,81.44,India
2362,2022-11-21,179,23,4,1250.88,110.68,India
2363,2022-08-03,172,17,3,1187.13,8.13,India
2364,2022-12-22,162,8,4,1373.73,73.76,India
2365,2022-07-09,74,8,5,1373.73,140.76,India
2366,2022-11-01,78,4,4,93.9,5.72,India
2367,2023-06-04,181,18,4,1218.1,224.95,India
2368,2022-03-02,183,23,4,1250.88,196.18,India
2369,2024-04-17,135,5,4,287.72,54.98,India
2370,2024-08-12,177,2,3,881.56,129.03,India
2371,2022-12-07,80,4,4,93.9,12.91,India
2372,2022-09-20,105,5,5,287.72,22.66,India
2373,2024-06-09,64,5,1,287.72,4.92,India
2374,2022-02-14,35,22,2,281.27,29.5,India
2375,2024-08-11,165,4,5,93.9,13.89,India
2376,2022-02-02,184,11,5,186.02,2.61,India
2377,2023-12-20,114,4,5,93.9,11.46,India
2378,2022-10-09,166,9,3,137.15,11.57,India
2379,2024-03-21,88,16,5,840.53,43.41,India
2380,2024-06-09,43,7,1,144.39,24.19,India
2381,2023-02-14,193,11,3,186.02,10.41,India
2382,2022-09-17,184,4,4,93.9,18.4,India
2383,2022-01-14,23,8,5,1373.73,236.63,India
2384,2022-04-04,74,11,4,186.02,25.57,India
2385,2024-11-03,171,5,1,287.72,35.03,India
2386,2022-10-24,24,2,5,881.56,65.96,India
2387,2023-10-05,72,24,5,362.1,36.69,India
2388,2023-09-03,149,5,2,287.72,46.59,India
2389,2024-02-23,147,24,2,362.1,18.42,India
2390,2023-12-04,180,6,2,682.88,18.81,India
2391,2024-09-06,137,9,4,137.15,14.93,India
2392,2024-06-15,45,14,3,1106.6,58.1,India
2393,2024-05-21,172,15,2,1364.09,131.03,India
2394,2022-06-25,9,14,2,1106.6,60.26,India
2395,2023-03-09,29,21,2,848.37,162.21,India
2396,2024-05-23,114,11,2,186.02,0.38,India
2397,2023-04-04,84,13,5,408.96,4.22,India
2398,2022-05-20,59,7,3,144.39,2.0,India
2399,2022-08-14,24,22,4,281.27,27.79,India
2400,2023-12-28,1,1,4,421.52,31.34,India
2401,2022-04-28,166,17,3,1187.13,14.97,India
2402,2023-12-22,193,13,4,408.96,65.65,India
2403,2022-11-14,39,2,5,881.56,111.57,India
2404,2022-07-26,28,9,2,137.15,2.48,India
2405,2022-06-14,59,8,4,1373.73,88.24,India
2406,2024-03-14,95,4,2,93.9,14.19,India
2407,2024-08-28,77,10,5,455.13,4.28,India
2408,2022-10-11,187,8,3,1373.73,48.54,India
2409,2023-02-03,34,9,3,137.15,7.9,India
2410,2023-01-21,183,21,5,848.37,105.9,India
2411,2023-11-25,44,11,3,186.02,23.13,India
2412,2023-12-26,48,21,5,848.37,149.56,India
2413,2024-11-22,136,5,1,287.72,41.46,India
2414,2024-06-11,163,23,3,1250.88,52.71,India
2415,2023-05-10,72,5,3,287.72,47.07,India
2416,2022-01-31,10,2,1,881.56,34.1,India
2417,2023-09-02,38,17,4,1187.13,41.03,India
2418,2024-08-18,188,4,1,93.9,5.5,India
2419,2024-09-23,7,6,5,682.88,101.22,India
2420,2022-04-23,83,4,5,93.9,9.75,India
2421,2022-08-17,52,8,5,1373.73,41.89,India
2422,2023-11-23,25,8,1,1373.73,123.32,India
2423,2022-02-15,117,11,5,186.02,36.77,India
2424,2023-01-28,63,20,4,466.94,91.14,India
2425,2024-08-21,82,4,3,93.9,1.47,India
2426,2024-01-19,172,10,2,455.13,21.85,India
2427,2024-10-13,183,3,1,892.57,139.71,India
2428,2024-06-13,148,21,5,848.37,51.74,India
2429,2024-12-30,71,7,1,144.39,24.81,India
2430,2024-03-02,64,14,1,1106.6,194.18,India
2431,2022-06-24,86,12,1,1060.53,182.27,India
2432,2024-03-19,155,9,5,137.15,11.72,India
2433,2024-01-30,173,19,2,1293.17,178.48,India
2434,2023-09-24,52,16,3,840.53,96.06,India
2435,2022-01-09,104,2,5,881.56,136.09,India
2436,2022-05-20,7,21,5,848.37,108.53,India
2437,2023-04-03,126,14,2,1106.6,2.39,India
2438,2024-01-10,158,17,3,1187.13,158.57,India
2439,2022-09-27,19,8,5,1373.73,235.08,India
2440,2022-08-08,63,16,2,840.53,70.08,India
2441,2023-09-27,90,12,3,1060.53,170.05,India
2442,2022-03-21,33,13,3,408.96,23.27,India
2443,2022-10-22,178,7,1,144.39,0.28,India
2444,2022-05-24,130,21,4,848.37,164.68,India
2445,2022-11-30,138,20,1,466.94,8.26,India
2446,2024-03-27,141,9,3,137.15,1.09,India
2447,2022-12-20,29,20,1,466.94,67.43,India
2448,2022-12-01,149,21,2,848.37,167.66,India
2449,2023-05-06,130,24,2,362.1,6.62,India
2450,2023-06-08,69,22,2,281.27,43.52,India
2451,2023-08-17,73,9,5,137.15,6.42,India
2452,2024-04-10,70,7,5,144.39,13.87,India
2453,2023-05-11,195,7,1,144.39,27.12,India
2454,2022-11-28,89,16,4,840.53,64.65,India
2455,2022-11-23,143,6,1,682.88,83.24,India
2456,2024-10-26,84,22,5,281.27,40.43,India
2457,2024-03-20,100,19,1,1293.17,55.54,India
2458,2024-05-11,56,11,3,186.02,7.77,India
2459,2022-02-17,105,22,4,281.27,54.25,India
2460,2022-04-23,131,11,1,186.02,5.96,India
2461,2022-04-05,183,24,3,362.1,20.79,India
2462,2022-11-07,68,14,4,1106.6,108.81,India
2463,2023-02-12,131,7,4,144.39,13.03,India
2464,2022-07-28,44,15,2,1364.09,175.87,India
2465,2022-12-31,42,8,3,1373.73,16.16,India
2466,2024-10-03,179,3,3,892.57,158.12,India
2467,2024-01-27,172,25,3,1155.59,140.01,India
2468,2023-08-13,124,25,5,1155.59,72.5,India
2469,2023-11-23,127,2,3,881.56,75.8,India
2470,2024-01-01,163,3,5,892.57,77.31,India
2471,2024-06-16,34,10,4,455.13,3.27,India
2472,2024-02-15,15,22,1,281.27,39.59,India
2473,2023-12-07,131,18,1,1218.1,162.95,India
2474,2024-09-21,192,6,5,682.88,112.65,India
2475,2024-02-29,81,25,2,1155.59,120.49,India
2476,2022-01-23,129,18,5,1218.1,102.64,India
2477,2024-02-01,135,23,5,1250.88,144.06,India
2478,2024-05-18,192,22,1,281.27,18.28,India
2479,2022-02-20,118,11,4,186.02,10.63,India
2480,2024-02-06,35,16,1,840.53,136.54,India
2481,2024-09-27,34,2,2,881.56,106.83,India
2482,2023-04-08,71,8,1,1373.73,99.41,India
2483,2023-01-26,62,9,2,137.15,5.87,India
2484,2024-06-23,170,6,2,682.88,112.07,India
2485,2024-10-12,73,9,5,137.15,27.39,India
2486,2022-01-20,189,11,4,186.02,20.12,India
2487,2022-12-02,186,3,3,892.57,13.29,India
2488,2022-04-10,61,20,3,466.94,35.99,India
2489,2023-04-26,95,4,3,93.9,6.78,India
2490,2022-12-24,165,1,3,421.52,35.02,India
2491,2024-10-03,94,9,5,137.15,0.96,India
2492,2024-11-26,145,17,2,1187.13,21.81,India
2493,2024-04-08,9,20,1,466.94,80.1,India
2494,2023-04-26,66,14,4,1106.6,90.82,India
2495,2024-09-05,24,16,2,840.53,155.47,India
2496,2024-07-16,25,24,2,362.1,1.71,India
2497,2022-04-07,56,18,1,1218.1,168.24,India
2498,2022-05-11,187,22,1,281.27,31.87,India
2499,2023-02-15,82,14,2,1106.6,82.04,India
2500,2024-03-23,151,16,4,840.53,58.89,India
2501,2022-07-11,97,11,5,186.02,9.18,India
2502,2022-04-29,11,8,2,1373.73,208.26,India
2503,2023-10-16,196,23,5,1250.88,244.56,India
2504,2024-08-30,147,23,5,1250.88,201.29,India
2505,2023-10-13,169,9,1,137.15,3.75,India
2506,2024-03-21,139,15,3,1364.09,122.93,India
2507,2023-08-15,94,3,2,892.57,6.93,India
2508,2024-11-26,11,5,4,287.72,8.53,India
2509,2023-11-19,37,24,5,362.1,6.48,India
2510,2023-10-15,78,24,5,362.1,64.45,India
2511,2023-01-06,44,14,2,1106.6,138.01,India
2512,2023-08-11,143,4,3,93.9,12.28,India
2513,2023-04-02,91,1,4,421.52,18.0,India
2514,2022-07-05,52,17,5,1187.13,116.69,India
2515,2022-02-23,73,14,4,1106.6,133.55,India
2516,2022-11-02,30,9,1,137.15,22.89,India
2517,2022-02-26,92,22,5,281.27,39.11,India
2518,2022-03-12,7,3,3,892.57,153.67,India
2519,2023-07-14,33,13,1,408.96,64.5,India
2520,2023-07-21,77,20,4,466.94,62.28,India
2521,2022-08-20,139,4,4,93.9,1.1,India
2522,2022-06-10,168,6,2,682.88,67.17,India
2523,2024-02-22,89,21,3,848.37,87.06,India
2524,2022-05-06,141,25,5,1155.59,47.92,India
2525,2024-11-15,31,9,1,137.15,17.98,India
2526,2023-06-14,12,24,1,362.1,67.01,India
2527,2022-07-05,128,24,1,362.1,55.71,India
2528,2024-03-23,44,13,1,408.96,64.74,India
2529,2023-11-21,107,9,2,137.15,19.84,India
2530,2023-04-16,42,20,5,466.94,6.96,India
2531,2024-01-17,17,20,1,466.94,1.45,India
2532,2023-11-09,136,21,5,848.37,114.89,India
2533,2022-08-03,127,25,5,1155.59,71.78,India
2534,2024-06-03,38,3,3,892.57,39.51,India
2535,2024-07-19,140,2,5,881.56,73.67,India
2536,2022-07-11,126,20,1,466.94,12.4,India
2537,2024-10-26,93,8,5,1373.73,176.03,India
2538,2023-11-10,199,20,4,466.94,7.7,India
2539,2022-06-19,53,14,1,1106.6,61.97,India
2540,2023-09-15,84,1,1,421.52,46.75,India
2541,2023-11-16,18,20,3,466.94,55.9,India
2542,2023-08-21,33,3,5,892.57,79.62,India
2543,2024-05-01,74,10,4,455.13,59.13,India
2544,2022-05-04,116,11,1,186.02,15.29,India
2545,2024-04-12,51,20,3,466.94,13.19,India
2546,2023-10-31,199,12,2,1060.53,98.89,India
2547,2023-12-23,173,20,1,466.94,49.23,India
2548,2022-08-06,187,13,5,408.96,22.18,India
2549,2023-11-13,19,24,2,362.1,30.5,India
2550,2022-03-06,96,25,2,1155.59,42.23,India
2551,2023-03-25,88,12,5,1060.53,93.26,India
2552,2023-02-14,96,24,4,362.1,63.63,India
2553,2022-07-28,57,4,3,93.9,14.72,India
2554,2022-09-18,15,19,2,1293.17,22.97,India
2555,2022-05-21,144,16,1,840.53,4.3,India
2556,2024-01-28,102,13,1,408.96,72.14,India
2557,2024-08-19,186,11,2,186.02,7.2,India
2558,2023-01-05,119,25,4,1155.59,45.79,India
2559,2024-07-30,17,5,2,287.72,30.22,India
2560,2022-09-19,198,4,4,93.9,10.72,India
2561,2023-12-07,76,22,1,281.27,20.19,India
2562,2023-10-29,92,20,3,466.94,57.9,India
2563,2023-05-31,129,11,4,186.02,3.98,India
2564,2024-09-05,67,17,3,1187.13,117.75,India
2565,2022-08-15,42,10,1,455.13,33.12,India
2566,2023-09-22,138,3,4,892.57,34.79,India
2567,2023-04-19,145,7,4,144.39,17.87,India
2568,2022-10-21,112,9,5,137.15,9.98,India
2569,2022-06-10,195,22,1,281.27,15.5,India
2570,2023-07-13,116,5,4,287.72,39.8,India
2571,2022-10-15,162,24,1,362.1,14.26,India
2572,2024-08-10,183,19,4,1293.17,40.2,India
2573,2024-07-26,170,8,3,1373.73,183.76,India
2574,2023-11-17,91,15,1,1364.09,52.26,India
2575,2023-04-15,191,22,3,281.27,46.02,India
2576,2023-12-31,1,15,4,1364.09,212.98,India
2577,2024-04-14,166,7,3,144.39,10.19,India
2578,2022-05-17,164,17,4,1187.13,151.03,India
2579,2023-12-18,137,4,2,93.9,11.77,India
2580,2024-04-15,55,16,3,840.53,131.1,India
2581,2024-06-22,86,13,5,408.96,42.93,India
2582,2024-11-09,13,5,3,287.72,25.65,India
2583,2024-09-24,196,14,5,1106.6,7.67,India
2584,2023-01-14,56,12,1,1060.53,151.51,India
2585,2023-10-15,63,11,1,186.02,7.85,India
2586,2022-04-14,190,10,3,455.13,9.02,India
2587,2022-08-03,101,23,2,1250.88,170.78,India
2588,2024-05-20,34,23,1,1250.88,50.16,India
2589,2022-06-29,102,15,2,1364.09,55.5,India
2590,2023-12-20,120,9,3,137.15,12.97,India
2591,2022-12-07,78,19,1,1293.17,104.2,India
2592,2023-08-25,86,9,4,137.15,4.71,India
2593,2023-10-15,115,10,1,455.13,60.61,India
2594,2023-12-05,166,14,4,1106.6,218.22,India
2595,2024-05-21,33,10,1,455.13,7.12,India
2596,2022-10-19,116,24,2,362.1,67.99,India
2597,2022-12-09,23,14,2,1106.6,180.17,India
2598,2023-12-26,189,21,2,848.37,112.46,India
2599,2024-05-07,66,20,5,466.94,31.39,India
2600,2023-11-12,6,7,5,144.39,8.88,India
2601,2024-02-13,130,3,3,892.57,65.94,India
2602,2022-02-26,9,8,4,1373.73,121.66,India
2603,2023-08-04,93,25,3,1155.59,136.89,India
2604,2022-10-04,18,2,5,881.56,169.42,India
2605,2024-01-19,104,18,1,1218.1,139.34,India
2606,2024-10-18,145,20,1,466.94,0.14,India
2607,2023-08-23,144,14,5,1106.6,27.75,India
2608,2023-10-10,40,22,2,281.27,18.82,India
2609,2024-08-05,197,7,5,144.39,17.94,India
2610,2023-11-21,25,8,5,1373.73,212.25,India
2611,2022-09-15,1,24,1,362.1,38.01,India
2612,2023-10-01,184,20,5,466.94,25.6,India
2613,2022-08-12,52,11,1,186.02,4.72,India
2614,2024-12-02,196,10,4,455.13,66.58,India
2615,2023-10-13,193,7,1,144.39,7.25,India
2616,2022-07-31,45,16,2,840.53,89.39,India
2617,2022-03-21,39,18,3,1218.1,101.2,India
2618,2022-10-25,124,19,1,1293.17,51.04,India
2619,2023-05-05,119,2,2,881.56,13.74,India
2620,2024-02-04,92,15,3,1364.09,185.37,India
2621,2024-01-26,173,6,2,682.88,136.43,India
2622,2022-04-03,107,2,5,881.56,149.93,India
2623,2024-12-02,63,19,5,1293.17,251.06,India
2624,2023-02-22,93,5,4,287.72,34.22,India
2625,2022-03-15,13,23,3,1250.88,152.24,India
2626,2022-12-18,120,4,4,93.9,18.09,India
2627,2023-04-22,94,19,4,1293.17,179.72,India
2628,2024-03-17,126,23,5,1250.88,182.4,India
2629,2024-07-29,18,9,3,137.15,23.89,India
2630,2023-06-23,131,15,3,1364.09,24.14,India
2631,2023-05-30,18,21,4,848.37,49.24,India
2632,2022-03-01,96,3,2,892.57,67.6,India
2633,2024-11-14,73,14,3,1106.6,141.43,India
2634,2023-12-04,50,13,4,408.96,81.2,India
2635,2023-01-25,167,23,5,1250.88,125.33,India
2636,2023-12-18,145,20,1,466.94,42.03,India
2637,2023-04-11,6,22,5,281.27,27.28,India
2638,2024-07-09,25,23,1,1250.88,235.08,India
2639,2024-03-11,52,12,2,1060.53,124.24,India
2640,2022-04-09,94,19,1,1293.17,251.69,India
2641,2023-11-14,21,5,2,287.72,18.54,India
2642,2023-01-06,1,22,5,281.27,49.85,India
2643,2023-06-27,97,10,5,455.13,50.1,India
2644,2022-01-03,42,3,3,892.57,172.1,India
2645,2023-06-07,65,16,3,840.53,64.43,India
2646,2022-04-21,198,7,4,144.39,7.22,India
2647,2024-01-29,5,18,2,1218.1,18.1,India
2648,2023-01-21,133,5,3,287.72,54.64,India
2649,2024-04-01,19,6,4,682.88,57.44,India
2650,2022-05-04,129,14,2,1106.6,3.77,India
2651,2022-01-25,97,8,3,1373.73,48.49,India
2652,2024-08-03,71,6,3,682.88,69.12,India
2653,2024-02-23,63,6,2,682.88,7.04,India
2654,2022-01-24,9,23,2,1250.88,203.1,India
2655,2022-07-15,42,3,1,892.57,89.9,India
2656,2022-09-21,188,23,1,1250.88,36.02,India
2657,2024-05-07,93,17,1,1187.13,146.47,India
2658,2023-09-16,136,12,5,1060.53,184.13,India
2659,2022-09-05,32,11,1,186.02,35.69,India
2660,2024-10-16,81,15,1,1364.09,73.5,India
2661,2024-09-16,75,21,5,848.37,93.49,India
2662,2023-07-07,70,22,2,281.27,25.4,India
2663,2024-05-06,195,23,2,1250.88,198.81,India
2664,2022-09-07,133,7,5,144.39,13.71,India
2665,2024-01-21,198,5,2,287.72,26.25,India
2666,2024-02-03,181,14,3,1106.6,121.17,India
2667,2024-11-23,29,14,4,1106.6,64.38,India
2668,2022-04-23,119,13,5,408.96,57.83,India
2669,2023-12-27,4,3,2,892.57,143.89,India
2670,2024-09-25,1,10,3,455.13,3.64,India
2671,2023-10-17,125,1,4,421.52,62.31,India
2672,2023-03-13,25,21,3,848.37,166.44,India
2673,2022-12-09,157,18,2,1218.1,211.11,India
2674,2023-08-22,43,10,2,455.13,62.42,India
2675,2022-02-03,152,13,3,408.96,2.72,India
2676,2023-03-22,132,6,5,682.88,86.45,India
2677,2022-07-19,200,4,5,93.9,10.92,India
2678,2024-02-04,144,7,5,144.39,4.41,India
2679,2022-01-20,106,1,4,421.52,60.31,India
2680,2024-09-21,177,7,3,144.39,0.35,India
2681,2022-02-19,90,21,4,848.37,78.11,India
2682,2023-12-26,171,24,3,362.1,36.49,India
2683,2024-10-10,113,14,3,1106.6,190.02,India
2684,2024-09-08,137,24,4,362.1,5.31,India
2685,2024-10-16,26,4,5,93.9,13.74,India
2686,2023-05-03,114,18,2,1218.1,58.79,India
2687,2022-07-05,75,9,4,137.15,12.73,India
2688,2022-12-13,62,22,4,281.27,51.85,India
2689,2023-07-20,53,6,4,682.88,56.21,India
2690,2024-12-14,126,6,3,682.88,51.03,India
2691,2024-09-23,91,11,5,186.02,9.74,India
2692,2024-11-27,126,18,5,1218.1,91.35,India
2693,2023-07-14,6,11,2,186.02,12.56,India
2694,2023-10-30,129,1,5,421.52,72.12,India
2695,2022-11-13,181,21,3,848.37,84.23,India
2696,2022-01-27,123,16,4,840.53,156.47,India
2697,2022-03-03,68,8,1,1373.73,155.25,India
2698,2022-09-17,136,23,4,1250.88,121.5,India
2699,2024-11-18,28,13,2,408.96,1.62,India
2700,2023-03-28,145,5,5,287.72,44.08,India
2701,2023-06-23,16,10,4,455.13,1.34,India
2702,2024-11-13,175,14,1,1106.6,125.96,India
2703,2022-10-03,155,12,3,1060.53,184.85,India
2704,2022-06-15,104,12,1,1060.53,193.65,India
2705,2022-07-18,17,24,2,362.1,71.98,India
2706,2023-01-25,125,10,3,455.13,26.14,India
2707,2023-11-10,113,10,5,455.13,32.49,India
2708,2023-04-18,180,1,2,421.52,56.19,India
2709,2024-09-15,183,3,1,892.57,176.29,India
2710,2023-11-21,191,24,3,362.1,60.4,India
2711,2022-06-09,199,13,5,408.96,39.95,India
2712,2023-01-06,106,7,3,144.39,7.17,India
2713,2023-08-14,163,15,5,1364.09,176.88,India
2714,2024-01-04,117,15,5,1364.09,123.98,India
2715,2023-10-13,85,11,3,186.02,8.79,India
2716,2023-09-13,13,2,3,881.56,91.19,India
2717,2022-10-09,130,1,3,421.52,36.83,India
2718,2024-02-04,85,11,5,186.02,0.07,India
2719,2022-06-24,95,6,5,682.88,62.28,India
2720,2022-01-25,126,23,3,1250.88,81.97,India
2721,2022-08-20,161,9,2,137.15,23.13,India
2722,2022-03-15,10,11,2,186.02,36.32,India
2723,2024-03-04,186,1,5,421.52,47.12,India
2724,2023-03-06,54,3,2,892.57,174.32,India
2725,2023-08-01,27,11,2,186.02,25.52,India
2726,2024-12-01,199,6,2,682.88,95.67,India
2727,2022-09-11,192,3,1,892.57,33.58,India
2728,2023-08-26,167,23,3,1250.88,176.32,India
2729,2022-08-11,186,4,4,93.9,1.9,India
2730,2023-09-03,127,24,5,362.1,59.05,India
2731,2022-07-19,98,6,4,682.88,76.71,India
2732,2023-09-15,84,11,2,186.02,11.88,India
2733,2022-06-26,179,17,5,1187.13,29.12,India
2734,2023-12-14,111,16,4,840.53,102.42,India
2735,2023-12-23,152,15,2,1364.09,131.84,India
2736,2024-11-07,109,5,2,287.72,45.21,India
2737,2022-05-05,181,3,5,892.57,120.38,India
2738,2023-04-01,129,4,1,93.9,18.51,India
2739,2024-07-14,113,13,4,408.96,49.69,India
2740,2022-04-23,197,11,1,186.02,20.37,India
2741,2023-07-19,24,9,5,137.15,26.98,India
2742,2024-08-05,176,9,3,137.15,13.77,India
2743,2023-01-11,54,10,1,455.13,86.81,India
2744,2023-12-18,146,22,4,281.27,24.67,India
2745,2022-10-23,126,3,3,892.57,74.69,India
2746,2024-09-18,164,24,1,362.1,53.06,India
2747,2023-07-08,82,16,3,840.53,29.25,India
2748,2023-08-24,75,24,2,362.1,70.28,India
2749,2022-04-16,35,17,1,1187.13,105.33,India
2750,2022-03-30,152,17,4,1187.13,150.48,India
2751,2024-01-08,80,15,1,1364.09,271.28,India
2752,2024-02-09,99,22,2,281.27,11.14,India
2753,2024-10-03,200,20,1,466.94,46.55,India
2754,2024-08-20,146,5,5,287.72,49.87,India
2755,2024-03-22,147,6,4,682.88,113.03,India
2756,2023-07-05,9,4,5,93.9,18.21,India
2757,2024-11-29,147,13,5,408.96,1.45,India
2758,2023-09-22,121,22,5,281.27,25.42,India
2759,2024-08-21,33,10,1,455.13,32.57,India
2760,2023-07-17,132,17,5,1187.13,167.15,India
2761,2022-11-18,66,15,3,1364.09,138.65,India
2762,2023-08-18,181,13,2,408.96,13.04,India
2763,2022-09-15,117,15,1,1364.09,234.92,India
2764,2022-04-17,86,11,2,186.02,31.11,India
2765,2023-05-13,50,6,3,682.88,112.86,India
2766,2022-02-08,98,5,1,287.72,43.07,India
2767,2024-11-17,136,25,4,1155.59,50.62,India
2768,2024-07-21,132,23,2,1250.88,208.25,India
2769,2024-10-22,174,5,3,287.72,13.89,India
2770,2023-05-09,97,8,4,1373.73,150.27,India
2771,2024-02-18,58,5,3,287.72,55.43,India
2772,2022-02-06,53,4,3,93.9,6.55,India
2773,2022-11-28,67,18,4,1218.1,139.74,India
2774,2023-09-30,127,19,4,1293.17,75.6,India
2775,2022-03-01,143,13,1,408.96,15.26,India
2776,2024-03-17,75,6,2,682.88,34.81,India
2777,2023-03-29,35,25,3,1155.59,38.03,India
2778,2023-07-15,107,8,2,1373.73,57.97,India
2779,2022-09-03,95,15,5,1364.09,258.42,India
2780,2022-06-28,58,10,3,455.13,0.58,India
2781,2024-01-23,85,7,3,144.39,4.93,India
2782,2023-10-08,22,2,3,881.56,125.89,India
2783,2023-12-29,12,23,3,1250.88,97.16,India
2784,2022-07-27,179,13,4,408.96,12.35,India
2785,2024-01-12,34,12,4,1060.53,42.83,India
2786,2022-08-21,151,16,4,840.53,55.76,India
2787,2023-08-29,68,10,2,455.13,37.24,India
2788,2024-09-18,49,4,4,93.9,8.7,India
2789,2023-03-28,173,2,4,881.56,32.34,India
2790,2023-03-13,27,21,2,848.37,125.41,India
2791,2024-01-07,192,9,3,137.15,0.27,India
2792,2022-09-17,118,9,3,137.15,7.83,India
2793,2022-01-27,61,20,4,466.94,56.09,India
2794,2023-12-08,63,4,5,93.9,14.75,India
2795,2024-01-08,178,16,1,840.53,78.94,India
2796,2022-03-05,129,16,5,840.53,24.39,India
2797,2024-05-20,150,2,4,881.56,163.69,India
2798,2024-01-09,44,19,5,1293.17,110.69,India
2799,2023-01-09,157,2,4,881.56,91.51,India
2800,2023-02-03,127,8,2,1373.73,249.18,India
2801,2023-03-23,143,16,4,840.53,44.9,India
2802,2022-09-24,168,24,4,362.1,28.06,India
2803,2022-10-23,4,4,5,93.9,16.42,India
2804,2023-07-22,157,6,1,682.88,13.36,India
2805,2024-05-27,176,6,5,682.88,46.07,India
2806,2024-12-24,7,9,1,137.15,16.91,India
2807,2022-08-09,87,20,5,466.94,3.31,India
2808,2023-09-28,179,7,2,144.39,9.1,India
2809,2024-11-22,77,21,3,848.37,110.92,India
2810,2024-05-14,190,8,1,1373.73,145.93,India
2811,2023-12-24,159,1,5,421.52,33.96,India
2812,2022-02-15,149,9,2,137.15,22.67,India
2813,2024-08-10,89,20,5,466.94,37.93,India
2814,2023-10-01,26,23,5,1250.88,17.3,India
2815,2024-11-18,32,3,4,892.57,6.31,India
2816,2022-09-19,76,20,4,466.94,14.15,India
2817,2024-10-10,106,18,5,1218.1,183.05,India
2818,2024-02-03,23,16,4,840.53,9.17,India
2819,2023-01-15,63,1,5,421.52,54.32,India
2820,2022-05-08,19,19,4,1293.17,170.95,India
2821,2023-02-02,160,11,2,186.02,33.88,India
2822,2024-12-15,55,18,5,1218.1,206.4,India
2823,2022-03-06,17,9,2,137.15,24.55,India
2824,2023-01-27,141,24,3,362.1,41.13,India
2825,2022-02-02,166,1,1,421.52,14.39,India
2826,2024-06-05,27,25,1,1155.59,103.43,India
2827,2023-07-04,67,22,1,281.27,24.11,India
2828,2022-08-04,173,22,3,281.27,49.51,India
2829,2024-01-02,16,12,5,1060.53,36.38,India
2830,2024-05-27,111,20,1,466.94,39.96,India
2831,2023-09-29,107,20,4,466.94,76.49,India
2832,2023-01-20,41,25,1,1155.59,160.38,India
2833,2022-05-24,51,10,2,455.13,67.73,India
2834,2023-10-15,185,1,1,421.52,25.67,India
2835,2023-09-03,183,16,3,840.53,17.47,India
2836,2023-08-10,57,8,4,1373.73,180.49,India
2837,2024-04-19,109,18,3,1218.1,52.54,India
2838,2023-06-08,49,20,4,466.94,53.83,India
2839,2022-09-30,119,8,5,1373.73,42.74,India
2840,2024-04-03,20,25,5,1155.59,4.53,India
2841,2023-05-26,48,16,3,840.53,11.61,India
2842,2023-08-29,143,6,1,682.88,76.76,India
2843,2024-12-23,41,18,5,1218.1,16.51,India
2844,2024-07-31,188,7,1,144.39,18.27,India
2845,2023-07-05,151,5,3,287.72,56.57,India
2846,2024-03-23,193,24,1,362.1,41.77,India
2847,2024-08-05,2,5,5,287.72,56.16,India
2848,2022-12-09,11,15,5,1364.09,235.42,India
2849,2023-07-28,88,13,5,408.96,63.51,India
2850,2023-02-13,37,5,4,287.72,10.68,India
2851,2022-05-19,197,7,5,144.39,10.73,India
2852,2022-02-06,57,3,5,892.57,85.2,India
2853,2023-06-04,112,14,1,1106.6,119.97,India
2854,2023-01-23,102,2,1,881.56,57.81,India
2855,2024-07-22,159,15,4,1364.09,191.73,India
2856,2022-05-27,144,3,5,892.57,26.17,India
2857,2022-10-25,188,6,1,682.88,133.92,India
2858,2024-05-23,85,10,3,455.13,81.33,India
2859,2024-12-23,108,19,4,1293.17,9.95,India
2860,2024-08-28,144,20,1,466.94,3.67,India
2861,2022-01-03,187,8,5,1373.73,274.56,India
2862,2024-03-12,138,9,5,137.15,12.25,India
2863,2023-08-30,19,22,3,281.27,34.6,India
2864,2022-03-19,36,17,5,1187.13,232.03,India
2865,2022-06-17,118,5,1,287.72,30.05,India
2866,2023-11-05,195,12,5,1060.53,207.22,India
2867,2022-12-26,148,7,2,144.39,7.75,India
2868,2022-08-27,69,12,1,1060.53,95.35,India
2869,2024-09-25,49,9,1,137.15,11.43,India
2870,2022-07-26,46,10,2,455.13,38.24,India
2871,2023-02-10,180,22,5,281.27,36.07,India
2872,2023-03-25,121,19,4,1293.17,130.55,India
2873,2023-02-03,115,12,1,1060.53,65.59,India
2874,2022-12-09,97,18,2,1218.1,94.94,India
2875,2022-06-03,167,10,2,455.13,10.76,India
2876,2023-01-20,168,7,3,144.39,0.71,India
2877,2022-03-08,175,10,5,455.13,72.77,India
2878,2024-02-04,127,21,4,848.37,68.95,India
2879,2022-08-07,9,19,1,1293.17,89.51,India
2880,2023-07-31,26,20,2,466.94,63.64,India
2881,2022-02-17,69,2,5,881.56,44.89,India
2882,2024-11-04,168,23,4,1250.88,160.68,India
2883,2022-03-22,28,5,2,287.72,14.86,India
2884,2023-10-04,47,17,5,1187.13,175.3,India
2885,2024-08-01,132,4,4,93.9,7.71,India
2886,2022-04-29,33,3,4,892.57,12.92,India
2887,2023-12-07,86,8,1,1373.73,206.95,India
2888,2024-02-23,151,12,1,1060.53,104.27,India
2889,2022-05-30,29,1,1,421.52,80.05,India
2890,2023-01-31,134,22,2,281.27,54.18,India
2891,2022-05-25,108,19,4,1293.17,126.26,India
2892,2024-11-28,194,21,4,848.37,137.07,India
2893,2022-10-24,88,14,1,1106.6,23.77,India
2894,2024-02-17,46,12,3,1060.53,1.01,India
2895,2023-03-18,181,15,5,1364.09,230.97,India
2896,2022-03-20,12,20,2,466.94,64.88,India
2897,2022-07-26,133,5,2,287.72,47.2,India
2898,2023-10-18,198,15,4,1364.09,20.56,India
2899,2023-08-11,31,16,4,840.53,43.75,India
2900,2023-04-29,196,12,5,1060.53,3.06,India
2901,2022-08-26,74,17,3,1187.13,219.99,India
2902,2023-07-05,9,2,4,881.56,104.47,India
2903,2022-07-13,180,12,2,1060.53,201.37,India
2904,2022-04-08,94,10,5,455.13,20.96,India
2905,2023-03-14,48,4,3,93.9,3.45,India
2906,2023-12-26,76,23,2,1250.88,110.98,India
2907,2024-10-27,143,2,1,881.56,68.05,India
2908,2024-02-10,135,8,2,1373.73,6.92,India
2909,2024-12-16,188,25,3,1155.59,195.88,India
2910,2023-06-01,87,20,4,466.94,24.16,India
2911,2024-06-17,97,20,1,466.94,41.11,India
2912,2022-10-12,197,1,4,421.52,9.0,India
2913,2023-06-09,170,15,5,1364.09,171.72,India
2914,2023-04-21,12,20,3,466.94,84.31,India
2915,2023-01-07,63,16,3,840.53,159.44,India
2916,2022-05-28,198,3,4,892.57,89.2,India
2917,2023-11-20,5,20,3,466.94,17.49,India
2918,2023-01-14,75,18,3,1218.1,27.33,India
2919,2023-09-28,159,3,5,892.57,64.16,India
2920,2024-02-29,71,2,2,881.56,75.31,India
2921,2023-09-20,28,24,2,362.1,19.57,India
2922,2022-08-12,107,25,2,1155.59,68.65,India
2923,2023-11-23,12,18,4,1218.1,96.48,India
2924,2022-11-15,165,13,3,408.96,72.86,India
2925,2022-12-30,187,16,1,840.53,102.2,India
2926,2024-05-08,185,11,5,186.02,11.72,India
2927,2022-04-23,25,25,2,1155.59,214.33,India
2928,2024-01-29,65,13,3,408.96,2.05,India
2929,2024-06-12,6,10,4,455.13,87.92,India
2930,2024-11-17,32,23,3,1250.88,57.14,India
2931,2024-02-06,128,4,4,93.9,16.36,India
2932,2024-07-06,35,8,3,1373.73,218.32,India
2933,2023-08-06,178,16,3,840.53,151.48,India
2934,2024-01-19,81,3,2,892.57,103.02,India
2935,2023-08-20,6,11,3,186.02,26.1,India
2936,2023-05-02,169,1,3,421.52,19.58,India
2937,2024-05-02,184,21,5,848.37,150.83,India
2938,2024-04-02,149,8,2,1373.73,94.41,India
2939,2022-01-18,140,17,5,1187.13,195.07,India
2940,2023-12-31,89,3,5,892.57,6.24,India
2941,2022-01-30,197,24,3,362.1,4.9,India
2942,2022-09-26,75,19,3,1293.17,253.15,India
2943,2024-09-01,48,24,5,362.1,54.53,India
2944,2022-01-01,157,6,4,682.88,69.13,India
2945,2023-11-25,189,21,2,848.37,70.27,India
2946,2024-06-09,128,3,2,892.57,3.23,India
2947,2022-10-17,119,4,5,93.9,3.85,India
2948,2023-09-08,33,20,5,466.94,8.78,India
2949,2023-06-10,26,24,2,362.1,71.49,India
2950,2024-04-17,17,2,5,881.56,155.65,India
2951,2023-01-31,191,4,2,93.9,12.71,India
2952,2024-10-11,111,2,2,881.56,155.22,India
2953,2024-01-23,96,22,2,281.27,11.13,India
2954,2024-02-10,200,23,2,1250.88,203.53,India
2955,2024-06-06,5,21,3,848.37,168.06,India
2956,2022-01-04,31,20,2,466.94,71.23,India
2957,2024-10-31,105,9,4,137.15,7.73,India
2958,2023-06-21,109,1,3,421.52,38.63,India
2959,2023-03-26,84,7,3,144.39,19.22,India
2960,2022-05-22,113,12,3,1060.53,201.82,India
2961,2024-04-01,10,10,4,455.13,39.13,India
2962,2024-03-22,154,10,4,455.13,27.98,India
2963,2024-01-03,99,7,1,144.39,8.52,India
2964,2022-01-18,148,19,1,1293.17,51.55,India
2965,2024-06-08,20,7,3,144.39,6.11,India
2966,2024-12-28,113,16,3,840.53,92.95,India
2967,2023-05-24,63,12,2,1060.53,176.07,India
2968,2023-12-08,5,19,3,1293.17,249.29,India
2969,2022-07-05,164,24,2,362.1,67.16,India
2970,2022-12-19,39,4,5,93.9,12.71,India
2971,2022-02-19,125,3,5,892.57,43.87,India
2972,2022-09-29,167,11,1,186.02,25.7,India
2973,2023-09-20,7,1,1,421.52,76.82,India
2974,2023-12-14,78,16,5,840.53,21.5,India
2975,2023-11-25,192,4,4,93.9,5.82,India
2976,2023-05-20,94,13,3,408.96,79.3,India
2977,2023-01-02,192,18,2,1218.1,192.43,India
2978,2023-12-22,84,1,3,421.52,3.62,India
2979,2023-07-28,48,17,3,1187.13,115.28,India
2980,2023-04-22,200,16,3,840.53,69.66,India
2981,2022-01-22,128,16,2,840.53,136.58,India
2982,2024-08-24,60,1,3,421.52,65.92,India
2983,2022-09-08,166,25,3,1155.59,71.79,India
2984,2024-02-02,68,23,5,1250.88,201.04,India
2985,2023-12-11,150,18,4,1218.1,185.74,India
2986,2024-02-29,94,20,1,466.94,8.99,India
2987,2023-10-07,157,20,3,466.94,75.45,India
2988,2023-12-02,4,12,5,1060.53,83.68,India
2989,2024-11-30,169,25,2,1155.59,0.1,India
2990,2023-05-06,128,11,5,186.02,21.97,India
2991,2022-11-08,198,10,3,455.13,44.19,India
2992,2023-09-03,80,10,1,455.13,46.49,India
2993,2024-03-04,148,24,5,362.1,68.37,India
2994,2022-09-03,32,14,2,1106.6,175.0,India
2995,2023-12-15,2,22,1,281.27,55.48,India
2996,2024-04-17,110,14,5,1106.6,150.24,India
2997,2024-12-28,70,20,5,466.94,77.62,India
2998,2023-09-03,38,9,2,137.15,24.96,India
2999,2024-06-11,18,3,4,892.57,143.67,India
3000,2023-07-14,5,7,1,144.39,25.45,India
3001,2023-07-08,149,11,4,186.02,19.34,India
3002,2022-01-13,120,21,4,848.37,54.06,India
3003,2022-03-08,53,14,3,1106.6,197.11,India
3004,2022-09-30,98,13,5,408.96,57.99,India
3005,2023-08-12,71,22,2,281.27,47.35,India
3006,2024-12-03,171,17,4,1187.13,212.7,India
3007,2022-03-03,173,21,5,848.37,159.2,India
3008,2023-08-06,26,19,5,1293.17,148.04,India
3009,2023-01-20,68,21,5,848.37,57.46,India
3010,2022-02-23,107,1,1,421.52,48.32,India
3011,2023-08-15,75,7,1,144.39,27.32,India
3012,2022-04-09,181,22,2,281.27,26.07,India
3013,2023-06-08,141,4,1,93.9,15.23,India
3014,2022-11-16,141,8,3,1373.73,105.46,India
3015,2022-06-12,74,6,2,682.88,13.39,India
3016,2023-03-17,70,2,4,881.56,99.93,India
3017,2024-04-20,52,21,4,848.37,39.66,India
3018,2023-06-24,32,16,1,840.53,70.34,India
3019,2023-10-23,31,7,4,144.39,12.63,India
3020,2022-11-10,115,9,2,137.15,0.06,India
3021,2022-05-10,192,19,5,1293.17,239.7,India
3022,2023-06-24,47,23,5,1250.88,95.53,India
3023,2022-01-26,88,12,4,1060.53,165.04,India
3024,2024-12-08,149,18,3,1218.1,75.34,India
3025,2023-12-03,113,23,4,1250.88,7.37,India
3026,2023-12-18,91,3,4,892.57,145.7,India
3027,2022-06-01,126,20,2,466.94,84.41,India
3028,2023-11-13,100,3,4,892.57,139.24,India
3029,2023-07-06,181,9,2,137.15,15.09,India
3030,2022-08-01,23,8,2,1373.73,4.64,India
3031,2022-06-10,102,11,2,186.02,29.71,India
3032,2023-04-17,182,1,4,421.52,26.33,India
3033,2023-12-02,170,22,1,281.27,15.93,India
3034,2023-12-13,162,8,5,1373.73,139.24,India
3035,2022-08-01,97,14,5,1106.6,55.45,India
3036,2024-12-06,42,13,1,408.96,74.17,India
3037,2024-02-11,130,3,1,892.57,89.87,India
3038,2022-09-20,81,14,5,1106.6,166.34,India
3039,2023-10-24,57,3,5,892.57,5.9,India
3040,2023-06-10,37,15,3,1364.09,137.88,India
3041,2022-06-06,196,20,1,466.94,25.01,India
3042,2024-08-30,126,12,1,1060.53,202.09,India
3043,2022-03-31,55,1,3,421.52,51.51,India
3044,2023-08-28,82,12,5,1060.53,95.9,India
3045,2023-03-16,186,22,3,281.27,29.61,India
3046,2022-11-09,78,14,5,1106.6,71.3,India
3047,2022-02-27,89,24,5,362.1,68.41,India
3048,2022-11-28,114,2,1,881.56,6.33,India
3049,2022-10-26,141,17,2,1187.13,76.94,India
3050,2023-06-15,45,11,4,186.02,33.68,India
3051,2022-10-07,44,24,4,362.1,24.58,India
3052,2024-11-23,132,25,4,1155.59,88.1,India
3053,2023-03-01,76,20,3,466.94,20.05,India
3054,2023-05-28,28,25,3,1155.59,104.65,India
3055,2022-09-06,191,16,5,840.53,18.3,India
3056,2022-11-11,71,16,2,840.53,92.08,India
3057,2024-08-29,73,23,1,1250.88,41.38,India
3058,2024-10-16,109,10,1,455.13,11.78,India
3059,2023-05-12,62,23,4,1250.88,81.99,India
3060,2023-11-10,13,4,5,93.9,4.95,India
3061,2024-09-28,154,24,4,362.1,67.51,India
3062,2024-03-09,19,11,4,186.02,31.69,India
3063,2024-01-23,47,18,1,1218.1,121.14,India
3064,2023-02-05,25,3,1,892.57,67.43,India
3065,2023-11-30,56,17,2,1187.13,125.21,India
3066,2023-09-02,164,16,1,840.53,142.6,India
3067,2023-09-29,174,14,5,1106.6,61.12,India
3068,2024-06-16,32,17,4,1187.13,192.86,India
3069,2022-07-19,168,15,2,1364.09,133.27,India
3070,2022-04-19,125,21,2,848.37,49.96,India
3071,2022-12-07,113,6,5,682.88,102.4,India
3072,2023-10-01,156,2,3,881.56,76.63,India
3073,2024-01-03,196,20,2,466.94,1.32,India
3074,2022-01-02,34,2,3,881.56,102.08,India
3075,2023-07-06,170,19,2,1293.17,88.41,India
3076,2023-12-29,183,5,1,287.72,30.68,India
3077,2023-11-13,32,22,1,281.27,25.82,India
3078,2022-07-21,41,18,1,1218.1,8.69,India
3079,2023-11-15,121,15,3,1364.09,104.91,India
3080,2022-06-26,183,4,5,93.9,7.87,India
3081,2022-06-15,122,12,2,1060.53,163.13,India
3082,2022-05-06,28,6,1,682.88,126.03,India
3083,2022-06-24,100,10,4,455.13,52.44,India
3084,2022-02-19,102,3,2,892.57,88.53,India
3085,2024-12-12,95,1,2,421.52,73.79,India
3086,2022-05-20,83,16,3,840.53,24.55,India
3087,2022-04-29,194,11,2,186.02,10.58,India
3088,2022-01-22,114,20,3,466.94,10.04,India
3089,2022-03-24,91,6,3,682.88,28.57,India
3090,2023-01-22,1,19,1,1293.17,212.23,India
3091,2022-11-08,136,16,2,840.53,146.43,India
3092,2024-05-22,200,22,5,281.27,1.41,India
3093,2022-12-23,59,23,5,1250.88,33.97,India
3094,2022-01-30,53,19,5,1293.17,3.19,India
3095,2024-03-20,7,8,5,1373.73,111.75,India
3096,2024-10-24,82,15,2,1364.09,12.88,India
3097,2022-05-13,6,21,2,848.37,102.05,India
3098,2022-05-30,197,3,3,892.57,21.92,India
3099,2022-06-01,177,19,4,1293.17,148.3,India
3100,2023-02-08,99,5,2,287.72,23.82,India
3101,2024-10-05,165,14,1,1106.6,61.5,India
3102,2024-08-19,154,6,3,682.88,119.18,India
3103,2024-11-05,10,23,3,1250.88,68.82,India
3104,2022-01-07,147,24,2,362.1,62.29,India
3105,2022-12-16,81,16,3,840.53,132.56,India
3106,2022-03-19,196,14,5,1106.6,55.32,India
3107,2022-07-29,65,14,3,1106.6,39.64,India
3108,2024-02-26,52,4,1,93.9,17.39,India
3109,2022-11-20,125,20,1,466.94,87.54,India
3110,2023-12-29,191,22,5,281.27,28.87,India
3111,2024-10-21,25,18,3,1218.1,210.95,India
3112,2023-02-15,126,3,4,892.57,134.64,India
3113,2024-04-05,91,23,5,1250.88,42.7,India
3114,2022-11-24,197,3,1,892.57,148.66,India
3115,2024-11-01,161,25,5,1155.59,148.27,India
3116,2023-05-17,31,6,3,682.88,100.94,India
3117,2023-10-28,49,22,4,281.27,27.44,India
3118,2023-07-23,182,4,3,93.9,2.79,India
3119,2024-01-15,93,2,1,881.56,141.11,India
3120,2022-06-16,179,22,1,281.27,28.55,India
3121,2022-09-14,104,6,1,682.88,96.44,India
3122,2023-10-05,190,16,5,840.53,124.03,India
3123,2024-07-31,195,19,5,1293.17,193.76,India
3124,2023-04-05,22,19,4,1293.17,103.31,India
3125,2024-01-23,173,1,5,421.52,1.81,India
3126,2024-04-10,66,10,2,455.13,47.81,India
3127,2024-11-14,48,24,1,362.1,64.44,India
3128,2023-05-28,176,1,1,421.52,67.79,India
3129,2024-03-22,94,6,1,682.88,129.54,India
3130,2022-01-10,109,13,5,408.96,42.82,India
3131,2024-03-03,41,8,5,1373.73,39.21,India
3132,2022-10-03,26,11,3,186.02,9.21,India
3133,2022-11-21,58,14,3,1106.6,137.09,India
3134,2022-03-07,17,8,2,1373.73,101.84,India
3135,2023-09-01,31,10,4,455.13,38.52,India
3136,2022-06-25,30,10,2,455.13,57.39,India
3137,2023-10-08,149,21,4,848.37,60.67,India
3138,2024-09-04,60,12,2,1060.53,195.25,India
3139,2024-04-20,180,25,5,1155.59,12.25,India
3140,2023-09-21,43,1,5,421.52,21.21,India
3141,2022-03-26,145,4,3,93.9,7.84,India
3142,2024-08-07,59,25,3,1155.59,188.02,India
3143,2023-05-02,37,11,4,186.02,11.72,India
3144,2022-12-16,25,10,3,455.13,19.32,India
3145,2024-11-20,102,9,3,137.15,2.98,India
3146,2024-06-17,170,22,2,281.27,16.85,India
3147,2023-10-06,75,10,5,455.13,53.45,India
3148,2022-02-19,80,22,3,281.27,5.21,India
3149,2023-10-09,120,9,3,137.15,1.07,India
3150,2024-10-10,125,8,1,1373.73,118.76,India
3151,2023-07-31,27,15,5,1364.09,88.06,India
3152,2023-07-05,36,25,3,1155.59,54.21,India
3153,2023-04-20,28,5,3,287.72,1.16,India
3154,2023-06-05,60,3,5,892.57,49.19,India
3155,2024-01-15,166,1,2,421.52,51.16,India
3156,2023-04-05,84,24,1,362.1,17.16,India
3157,2023-01-14,151,9,2,137.15,8.39,India
3158,2024-08-02,149,21,2,848.37,98.01,India
3159,2024-02-10,116,20,3,466.94,74.66,India
3160,2024-10-11,151,25,4,1155.59,6.12,India
3161,2022-07-11,191,3,3,892.57,107.23,India
3162,2023-02-19,151,25,4,1155.59,78.99,India
3163,2022-06-18,161,1,5,421.52,49.92,India
3164,2024-06-01,29,3,1,892.57,147.52,India
3165,2023-01-02,144,14,1,1106.6,19.51,India
3166,2024-03-16,175,16,2,840.53,7.97,India
3167,2023-01-14,159,21,4,848.37,61.58,India
3168,2023-12-09,174,3,5,892.57,95.12,India
3169,2022-06-22,109,20,5,466.94,67.83,India
3170,2024-08-21,117,23,2,1250.88,214.97,India
3171,2023-04-19,198,12,4,1060.53,32.25,India
3172,2024-09-28,165,24,4,362.1,45.45,India
3173,2024-11-07,137,7,5,144.39,16.81,India
3174,2023-09-14,62,9,3,137.15,19.31,India
3175,2024-04-09,31,5,1,287.72,17.9,India
3176,2023-08-27,75,1,2,421.52,30.91,India
3177,2022-11-20,63,21,2,848.37,20.5,India
3178,2022-11-29,99,4,3,93.9,3.81,India
3179,2024-11-05,4,3,1,892.57,1.91,India
3180,2022-10-15,101,6,5,682.88,23.17,India
3181,2024-11-29,88,24,5,362.1,16.72,India
3182,2023-10-24,112,4,4,93.9,7.43,India
3183,2024-09-04,174,12,4,1060.53,169.8,India
3184,2023-12-23,166,20,3,466.94,88.44,India
3185,2024-05-06,68,10,4,455.13,63.81,India
3186,2023-10-25,89,5,5,287.72,13.63,India
3187,2023-03-15,172,10,5,455.13,13.35,India
3188,2023-08-01,96,19,4,1293.17,115.44,India
3189,2023-08-07,52,7,3,144.39,15.22,India
3190,2022-02-20,180,23,4,1250.88,34.19,India
3191,2023-10-21,134,4,3,93.9,16.56,India
3192,2022-11-07,184,13,2,408.96,68.03,India
3193,2024-10-18,57,10,2,455.13,81.86,India
3194,2023-12-04,137,12,5,1060.53,87.08,India
3195,2022-02-03,145,18,5,1218.1,68.15,India
3196,2023-12-02,132,11,1,186.02,28.14,India
3197,2023-09-19,7,3,2,892.57,41.88,India
3198,2022-08-21,26,4,3,93.9,2.85,India
3199,2022-08-16,128,6,3,682.88,108.47,India
3200,2023-02-10,144,3,2,892.57,45.99,India
3201,2023-03-07,93,19,3,1293.17,232.25,India
3202,2024-09-23,16,25,2,1155.59,180.85,India
3203,2024-05-18,156,3,5,892.57,147.84,India
3204,2023-12-03,11,5,3,287.72,27.89,India
3205,2023-05-16,71,22,3,281.27,48.7,India
3206,2023-07-08,166,25,2,1155.59,51.44,India
3207,2023-04-08,191,1,5,421.52,19.2,India
3208,2023-07-11,78,2,5,881.56,89.58,India
3209,2022-11-10,184,19,2,1293.17,205.58,India
3210,2022-07-23,140,5,2,287.72,7.92,India
3211,2023-11-06,188,7,3,144.39,1.18,India
3212,2023-03-07,78,6,4,682.88,64.52,India
3213,2022-07-02,100,8,4,1373.73,111.67,India
3214,2022-05-13,173,15,5,1364.09,254.95,India
3215,2023-10-21,93,11,3,186.02,33.15,India
3216,2022-02-12,177,13,4,408.96,44.5,India
3217,2024-04-24,166,15,4,1364.09,129.18,India
3218,2024-09-04,167,25,3,1155.59,69.98,India
3219,2022-10-10,97,20,4,466.94,35.48,India
3220,2024-05-26,147,11,4,186.02,18.56,India
3221,2022-10-18,86,3,4,892.57,139.95,India
3222,2023-10-24,120,17,4,1187.13,212.96,India
3223,2022-05-29,148,12,1,1060.53,127.5,India
3224,2022-09-25,46,6,4,682.88,60.75,India
3225,2022-08-31,4,13,1,408.96,72.53,India
3226,2023-10-12,186,13,3,408.96,59.31,India
3227,2022-04-03,108,22,5,281.27,25.67,India
3228,2022-10-14,192,12,4,1060.53,132.52,India
3229,2023-11-12,98,16,1,840.53,11.21,India
3230,2023-03-01,16,14,5,1106.6,93.48,India
3231,2023-02-17,42,21,4,848.37,4.11,India
3232,2023-02-19,116,14,3,1106.6,211.46,India
3233,2022-01-07,70,10,4,455.13,20.97,India
3234,2022-09-13,122,1,4,421.52,54.43,India
3235,2024-12-07,61,4,4,93.9,14.66,India
3236,2023-05-18,66,11,2,186.02,26.59,India
3237,2022-10-11,103,6,2,682.88,1.52,India
3238,2023-08-28,16,9,5,137.15,19.35,India
3239,2022-06-03,80,9,4,137.15,8.42,India
3240,2023-07-08,4,4,4,93.9,9.79,India
3241,2023-02-01,77,22,1,281.27,8.01,India
3242,2023-09-04,19,17,2,1187.13,192.71,India
3243,2022-01-17,35,24,1,362.1,53.34,India
3244,2023-12-11,197,21,3,848.37,34.74,India
3245,2022-03-09,199,13,4,408.96,32.85,India
3246,2022-10-16,147,7,2,144.39,21.77,India
3247,2023-11-03,12,10,1,455.13,34.2,India
3248,2024-01-26,169,18,1,1218.1,160.82,India
3249,2022-01-20,104,9,1,137.15,0.97,India
3250,2022-09-24,62,11,5,186.02,33.34,India
3251,2022-04-26,140,21,2,848.37,140.35,India
3252,2023-08-26,16,15,5,1364.09,204.54,India
3253,2024-11-27,174,3,1,892.57,90.81,India
3254,2023-05-19,34,9,4,137.15,27.0,India
3255,2022-08-18,197,15,1,1364.09,109.56,India
3256,2024-12-25,16,1,5,421.52,49.27,India
3257,2024-08-21,136,16,1,840.53,91.35,India
3258,2023-03-07,183,22,2,281.27,38.89,India
3259,2024-04-19,94,9,4,137.15,17.32,India
3260,2023-04-10,81,7,3,144.39,3.49,India
3261,2023-11-29,188,5,3,287.72,22.77,India
3262,2023-03-11,189,18,3,1218.1,8.19,India
3263,2022-09-01,124,13,5,408.96,55.76,India
3264,2023-04-25,25,11,4,186.02,30.32,India
3265,2023-11-27,49,3,1,892.57,86.96,India
3266,2022-09-24,85,16,3,840.53,12.87,India
3267,2022-11-11,161,9,1,137.15,13.77,India
3268,2023-07-27,6,10,2,455.13,73.14,India
3269,2024-06-20,164,3,4,892.57,63.53,India
3270,2024-01-05,6,3,3,892.57,138.96,India
3271,2024-04-17,1,9,5,137.15,4.14,India
3272,2023-07-06,87,16,1,840.53,120.14,India
3273,2023-04-05,158,9,1,137.15,13.56,India
3274,2023-02-24,90,17,5,1187.13,1.09,India
3275,2023-05-21,113,22,5,281.27,27.6,India
3276,2022-07-02,172,19,5,1293.17,67.71,India
3277,2024-04-16,120,14,5,1106.6,50.82,India
3278,2023-11-22,110,2,3,881.56,88.57,India
3279,2024-06-26,155,18,4,1218.1,178.11,India
3280,2023-02-17,58,5,3,287.72,23.14,India
3281,2024-12-28,49,20,4,466.94,50.72,India
3282,2023-08-16,106,12,2,1060.53,54.92,India
3283,2024-07-22,163,19,2,1293.17,171.87,India
3284,2023-03-28,58,10,5,455.13,79.09,India
3285,2024-06-06,11,25,1,1155.59,163.72,India
3286,2024-08-11,182,6,1,682.88,94.4,India
3287,2023-06-05,192,18,2,1218.1,64.08,India
3288,2022-11-08,65,24,2,362.1,62.07,India
3289,2022-09-16,172,1,3,421.52,24.77,India
3290,2022-01-28,80,19,1,1293.17,234.16,India
3291,2024-03-19,61,1,2,421.52,72.99,India
3292,2023-10-08,152,10,4,455.13,16.52,India
3293,2023-05-28,85,18,2,1218.1,162.23,India
3294,2023-03-15,167,24,5,362.1,31.37,India
3295,2022-11-18,27,1,1,421.52,15.15,India
3296,2024-03-18,25,12,4,1060.53,179.19,India
3297,2022-02-02,92,2,2,881.56,16.77,India
3298,2022-01-18,68,13,5,408.96,27.82,India
3299,2022-02-23,24,21,4,848.37,67.52,India
3300,2023-05-14,51,2,4,881.56,136.36,India
3301,2024-08-25,34,5,3,287.72,54.61,India
3302,2022-05-22,38,4,3,93.9,14.65,India
3303,2023-02-11,165,11,3,186.02,33.26,India
3304,2022-08-22,118,6,4,682.88,83.06,India
3305,2022-05-19,197,16,1,840.53,75.04,India
3306,2022-12-24,136,15,4,1364.09,133.01,India
3307,2023-05-08,87,23,5,1250.88,115.01,India
3308,2023-09-29,153,11,4,186.02,24.99,India
3309,2023-12-09,118,11,2,186.02,29.42,India
3310,2022-06-07,120,16,4,840.53,120.95,India
3311,2024-03-09,63,23,2,1250.88,243.02,India
3312,2024-03-03,156,1,5,421.52,46.7,India
3313,2023-07-06,40,7,3,144.39,27.88,India
3314,2022-12-04,168,9,3,137.15,9.62,India
3315,2022-10-15,58,15,5,1364.09,61.87,India
3316,2024-12-28,50,9,5,137.15,15.78,India
3317,2024-07-07,17,24,2,362.1,52.77,India
3318,2024-01-26,160,11,4,186.02,33.43,India
3319,2022-09-12,48,4,2,93.9,0.51,India
3320,2024-02-28,128,22,3,281.27,9.95,India
3321,2023-03-22,95,16,4,840.53,15.87,India
3322,2024-04-03,51,16,2,840.53,50.28,India
3323,2024-04-15,114,10,2,455.13,11.48,India
3324,2022-10-28,105,15,4,1364.09,156.72,India
3325,2024-03-30,153,9,2,137.15,16.26,India
3326,2023-06-24,72,21,3,848.37,14.79,India
3327,2022-12-04,47,7,1,144.39,24.79,India
3328,2023-09-27,108,19,4,1293.17,103.56,India
3329,2022-10-30,141,18,4,1218.1,172.76,India
3330,2024-10-07,159,1,2,421.52,72.9,India
3331,2022-05-02,150,12,1,1060.53,167.35,India
3332,2023-07-11,82,11,3,186.02,9.17,India
3333,2024-03-04,38,6,5,682.88,61.8,India
3334,2023-03-12,158,1,5,421.52,8.92,India
3335,2023-05-24,82,20,3,466.94,55.33,India
3336,2023-01-18,62,23,3,1250.88,124.14,India
3337,2024-06-05,21,4,2,93.9,2.48,India
3338,2022-03-18,7,17,4,1187.13,90.98,India
3339,2024-07-20,67,5,1,287.72,5.72,India
3340,2024-02-22,86,7,4,144.39,8.15,India
3341,2024-05-15,158,1,3,421.52,58.28,India
3342,2024-02-18,43,4,3,93.9,16.11,India
3343,2023-05-29,20,17,4,1187.13,55.38,India
3344,2024-06-02,135,18,2,1218.1,173.96,India
3345,2022-09-05,129,9,3,137.15,0.72,India
3346,2022-04-28,30,22,2,281.27,2.13,India
3347,2022-04-29,5,19,1,1293.17,28.8,India
3348,2022-05-04,177,10,1,455.13,73.39,India
3349,2023-09-09,178,21,2,848.37,22.48,India
3350,2022-06-13,104,11,3,186.02,0.17,India
3351,2024-07-20,73,22,5,281.27,30.22,India
3352,2023-01-05,180,9,4,137.15,16.25,India
3353,2022-04-14,21,23,5,1250.88,55.45,India
3354,2024-02-14,86,15,3,1364.09,32.39,India
3355,2024-04-17,74,18,5,1218.1,224.5,India
3356,2022-11-09,32,4,4,93.9,5.64,India
3357,2023-12-16,131,6,2,682.88,77.94,India
3358,2022-06-27,174,19,5,1293.17,229.82,India
3359,2022-11-24,188,21,5,848.37,8.83,India
3360,2022-04-03,133,22,5,281.27,24.22,India
3361,2024-11-05,124,12,4,1060.53,139.88,India
3362,2023-02-04,144,3,3,892.57,176.28,India
3363,2022-04-27,107,4,4,93.9,0.83,India
3364,2023-03-27,26,22,3,281.27,11.97,India
3365,2023-06-24,80,19,1,1293.17,127.38,India
3366,2022-07-16,196,14,3,1106.6,178.32,India
3367,2024-09-09,105,9,4,137.15,18.2,India
3368,2023-12-06,17,3,5,892.57,59.71,India
3369,2023-06-01,52,21,3,848.37,66.88,India
3370,2022-11-10,142,18,3,1218.1,217.39,India
3371,2022-06-21,167,22,2,281.27,15.07,India
3372,2022-04-07,152,1,5,421.52,80.19,India
3373,2024-07-04,187,20,3,466.94,51.72,India
3374,2022-08-28,200,18,3,1218.1,76.76,India
3375,2024-07-01,141,18,3,1218.1,2.55,India
3376,2022-07-01,22,23,4,1250.88,10.72,India
3377,2022-07-19,67,18,3,1218.1,141.4,India
3378,2024-10-15,135,14,4,1106.6,69.92,India
3379,2023-03-30,49,13,4,408.96,34.44,India
3380,2023-08-10,165,24,2,362.1,11.92,India
3381,2023-08-18,108,2,5,881.56,91.93,India
3382,2023-06-28,74,7,2,144.39,25.55,India
3383,2022-09-17,92,2,3,881.56,82.67,India
3384,2023-01-27,95,14,3,1106.6,136.55,India
3385,2024-04-30,181,25,5,1155.59,123.05,India
3386,2024-11-19,13,5,3,287.72,26.21,India
3387,2022-04-20,177,16,4,840.53,109.11,India
3388,2024-02-01,133,15,1,1364.09,145.72,India
3389,2024-10-18,7,23,2,1250.88,16.38,India
3390,2022-10-26,42,12,2,1060.53,118.32,India
3391,2023-04-13,98,5,5,287.72,39.96,India
3392,2023-07-16,87,6,4,682.88,92.61,India
3393,2023-05-20,175,21,2,848.37,112.18,India
3394,2022-04-26,69,14,1,1106.6,110.96,India
3395,2023-11-07,185,23,5,1250.88,21.51,India
3396,2024-01-02,102,10,2,455.13,6.89,India
3397,2023-06-21,183,22,5,281.27,35.75,India
3398,2023-02-16,29,14,3,1106.6,119.6,India
3399,2022-01-06,115,22,1,281.27,34.84,India
3400,2024-11-18,41,7,4,144.39,16.92,India
3401,2022-08-11,87,5,5,287.72,44.32,India
3402,2023-08-06,63,5,4,287.72,33.56,India
3403,2022-10-13,111,9,4,137.15,5.38,India
3404,2024-06-16,58,6,2,682.88,55.55,India
3405,2023-02-18,100,6,1,682.88,133.57,India
3406,2024-09-13,55,4,1,93.9,2.69,India
3407,2024-03-20,121,22,2,281.27,48.96,India
3408,2024-02-06,4,6,2,682.88,105.09,India
3409,2023-06-09,110,14,2,1106.6,149.41,India
3410,2024-09-16,97,4,1,93.9,13.05,India
3411,2022-12-24,107,6,4,682.88,104.8,India
3412,2024-10-02,102,12,3,1060.53,3.79,India
3413,2023-03-22,133,16,3,840.53,46.93,India
3414,2024-12-23,131,10,4,455.13,49.58,India
3415,2024-09-09,65,2,1,881.56,49.61,India
3416,2023-02-24,27,15,5,1364.09,210.93,India
3417,2022-02-07,82,25,1,1155.59,106.2,India
3418,2022-03-28,59,1,4,421.52,62.25,India
3419,2022-06-05,46,7,2,144.39,10.32,India
3420,2023-10-04,101,7,3,144.39,25.64,India
3421,2022-11-30,55,12,5,1060.53,168.22,India
3422,2024-05-09,171,3,3,892.57,79.43,India
3423,2022-07-07,117,14,5,1106.6,51.54,India
3424,2022-02-23,114,22,5,281.27,50.28,India
3425,2024-10-26,124,6,5,682.88,129.63,India
3426,2024-11-30,99,6,1,682.88,97.14,India
3427,2022-11-23,14,25,3,1155.59,217.16,India
3428,2023-05-27,121,5,2,287.72,0.98,India
3429,2023-05-24,171,23,3,1250.88,107.61,India
3430,2024-04-13,8,7,2,144.39,26.01,India
3431,2024-07-11,148,7,2,144.39,13.49,India
3432,2023-10-16,109,3,1,892.57,32.09,India
3433,2023-01-04,28,1,2,421.52,31.68,India
3434,2024-01-27,99,20,4,466.94,16.67,India
3435,2024-09-01,163,21,2,848.37,99.77,India
3436,2024-08-22,101,5,1,287.72,15.1,India
3437,2022-01-10,197,13,1,408.96,50.21,India
3438,2023-05-07,26,15,2,1364.09,13.65,India
3439,2024-02-07,167,23,4,1250.88,131.38,India
3440,2024-03-11,154,15,3,1364.09,112.68,India
3441,2022-05-11,27,24,1,362.1,59.3,India
3442,2022-02-19,78,2,2,881.56,60.84,India
3443,2022-06-01,128,7,3,144.39,25.22,India
3444,2022-02-28,134,15,3,1364.09,142.5,India
3445,2024-03-18,136,9,5,137.15,13.5,India
3446,2024-07-09,34,8,2,1373.73,53.54,India
3447,2022-02-10,185,13,1,408.96,25.33,India
3448,2024-10-03,62,13,4,408.96,54.75,India
3449,2022-12-17,129,20,3,466.94,79.15,India
3450,2023-05-15,170,10,2,455.13,60.39,India
3451,2023-08-14,69,10,1,455.13,14.08,India
3452,2022-03-15,126,3,1,892.57,51.83,India
3453,2023-04-11,109,8,5,1373.73,154.23,India
3454,2022-04-01,101,6,5,682.88,52.15,India
3455,2024-07-11,154,21,4,848.37,167.63,India
3456,2023-05-11,119,12,2,1060.53,88.82,India
3457,2024-04-06,155,11,3,186.02,12.09,India
3458,2023-04-05,141,17,4,1187.13,234.92,India
3459,2022-10-31,51,16,5,840.53,67.54,India
3460,2024-01-14,62,6,5,682.88,88.33,India
3461,2022-09-25,41,19,5,1293.17,126.8,India
3462,2022-12-04,76,11,5,186.02,18.26,India
3463,2022-06-07,73,24,3,362.1,22.66,India
3464,2024-08-01,56,8,3,1373.73,75.82,India
3465,2023-02-10,128,19,1,1293.17,208.31,India
3466,2024-09-21,112,2,3,881.56,81.67,India
3467,2022-02-13,116,9,5,137.15,19.71,India
3468,2024-10-17,29,24,3,362.1,70.78,India
3469,2024-05-23,155,3,4,892.57,178.17,India
3470,2024-11-10,44,17,2,1187.13,162.61,India
3471,2024-08-19,92,20,5,466.94,40.32,India
3472,2023-11-05,121,4,1,93.9,5.53,India
3473,2022-03-03,56,18,5,1218.1,195.47,India
3474,2023-01-29,124,8,5,1373.73,208.43,India
3475,2023-11-27,13,20,2,466.94,5.27,India
3476,2024-05-23,47,17,1,1187.13,205.28,India
3477,2022-08-17,6,25,4,1155.59,228.59,India
3478,2022-11-22,115,6,1,682.88,85.1,India
3479,2022-02-27,182,17,5,1187.13,86.33,India
3480,2023-07-10,166,14,3,1106.6,135.77,India
3481,2023-07-01,145,18,5,1218.1,10.35,India
3482,2022-05-12,39,22,1,281.27,31.79,India
3483,2023-08-31,198,1,3,421.52,70.8,India
3484,2024-04-10,34,18,4,1218.1,20.31,India
3485,2023-08-24,143,20,5,466.94,65.56,India
3486,2022-10-24,57,17,3,1187.13,218.36,India
3487,2022-08-05,92,21,4,848.37,54.93,India
3488,2022-11-26,167,21,3,848.37,150.28,India
3489,2023-10-05,91,12,3,1060.53,189.32,India
3490,2024-06-29,62,8,4,1373.73,219.38,India
3491,2024-05-13,181,5,5,287.72,52.11,India
3492,2023-12-10,197,1,3,421.52,68.9,India
3493,2022-10-18,49,4,2,93.9,7.42,India
3494,2023-12-09,9,9,2,137.15,26.64,India
3495,2022-12-21,11,23,5,1250.88,116.72,India
3496,2023-05-17,107,1,2,421.52,54.78,India
3497,2024-07-11,89,12,3,1060.53,64.01,India
3498,2024-04-02,23,6,2,682.88,22.57,India
3499,2024-04-21,29,12,3,1060.53,83.06,India
3500,2022-03-28,110,11,3,186.02,18.91,India
